gene,moflow_cs_lag,crak_cs_lag,vae_proxy_lag,multivelo_lag_sw2_sw1,dir_moflow,dir_crak,dir_vae_proxy,n_methods,n_chromatin,n_RNA,consensus,marker
ABCC5,,4.0,,,,chromatin,,1,1,0,insufficient,
ABLIM1,,1.0,,,,chromatin,,1,1,0,insufficient,
ABR,,3.0,,,,chromatin,,1,1,0,insufficient,
ACAT2,,2.0,,,,chromatin,,1,1,0,insufficient,
ACTB,,0.0,,,,RNA,,1,0,1,insufficient,
ACTG1,,3.0,,,,chromatin,,1,1,0,insufficient,
ACTN1,,9.0,,,,chromatin,,1,1,0,insufficient,
ADA2,,-19.0,,,,RNA,,1,0,1,insufficient,
ADAM28,,-2.0,,,,RNA,,1,0,1,insufficient,
ADAM8,,-4.0,,,,RNA,,1,0,1,insufficient,
ADD2,,-5.0,,,,RNA,,1,0,1,insufficient,
ADGRE2,,37.0,,,,chromatin,,1,1,0,insufficient,
AFAP1,,-13.0,,,,RNA,,1,0,1,insufficient,
AFDN,,0.0,,,,RNA,,1,0,1,insufficient,
AGPAT4,,3.0,,,,chromatin,,1,1,0,insufficient,
AGTPBP1,,-5.0,,,,RNA,,1,0,1,insufficient,
AHNAK,,5.0,,,,chromatin,,1,1,0,insufficient,
AHR,,-1.0,,,,RNA,,1,0,1,insufficient,
AKAP13,,27.0,,,,chromatin,,1,1,0,insufficient,
ALCAM,,0.0,,,,RNA,,1,0,1,insufficient,
ALDH1A1,,9.0,,,,chromatin,,1,1,0,insufficient,
ALDH2,,-14.0,,,,RNA,,1,0,1,insufficient,
ALS2,,-9.0,,,,RNA,,1,0,1,insufficient,
ANGPT1,,-14.0,,,,RNA,,1,0,1,insufficient,
ANKRD18A,,-3.0,,,,RNA,,1,0,1,insufficient,
ANLN,,23.0,,,,chromatin,,1,1,0,insufficient,
ANPEP,,0.0,,,,RNA,,1,0,1,insufficient,
ANTXR2,,32.5,,,,chromatin,,1,1,0,insufficient,
ANXA1,,-2.0,,,,RNA,,1,0,1,insufficient,
ANXA2,,5.0,,,,chromatin,,1,1,0,insufficient,
APBA2,,-0.5,,,,RNA,,1,0,1,insufficient,
APP,,1.0,,,,chromatin,,1,1,0,insufficient,
ARAP2,,0.0,,,,RNA,,1,0,1,insufficient,
ARHGAP10,,-12.0,,,,RNA,,1,0,1,insufficient,
ARHGAP21,,17.0,,,,chromatin,,1,1,0,insufficient,
ARHGAP25,,0.0,,,,RNA,,1,0,1,insufficient,
ARHGAP26,,5.0,,,,chromatin,,1,1,0,insufficient,
ARHGAP27,,-4.0,,,,RNA,,1,0,1,insufficient,
ARHGEF12,,0.0,,,,RNA,,1,0,1,insufficient,
ARL6IP1,,-5.0,,,,RNA,,1,0,1,insufficient,
ASAP1,,-12.0,,,,RNA,,1,0,1,insufficient,
ASAP2,,0.0,,,,RNA,,1,0,1,insufficient,
ASRGL1,,-12.0,,,,RNA,,1,0,1,insufficient,
ATAD5,,8.0,,,,chromatin,,1,1,0,insufficient,
ATP2B1,,32.0,,,,chromatin,,1,1,0,insufficient,
ATP2C1,,-7.0,,,,RNA,,1,0,1,insufficient,
ATP6V0A2,,0.0,,,,RNA,,1,0,1,insufficient,
ATP8B4,,16.0,,,,chromatin,,1,1,0,insufficient,
ATP9A,,3.0,,,,chromatin,,1,1,0,insufficient,
AURKB,,-1.0,,,,RNA,,1,0,1,insufficient,
AVP,,-2.0,,,,RNA,,1,0,1,insufficient,
BASP1,,26.5,,,,chromatin,,1,1,0,insufficient,
BCAS4,,-4.0,,,,RNA,,1,0,1,insufficient,
BDNF,,-8.0,,,,RNA,,1,0,1,insufficient,
BEX1,,34.0,,,,chromatin,,1,1,0,insufficient,
BEX2,,-2.0,,,,RNA,,1,0,1,insufficient,
BIRC5,,17.5,,,,chromatin,,1,1,0,insufficient,
BLVRB,,24.0,,,,chromatin,,1,1,0,insufficient,
BMP2K,,0.0,,,,RNA,,1,0,1,insufficient,
BNIP3,,0.0,,,,RNA,,1,0,1,insufficient,
BRCA1,,0.0,,,,RNA,,1,0,1,insufficient,
BRCA2,,-9.0,,,,RNA,,1,0,1,insufficient,
BRI3BP,,-1.0,,,,RNA,,1,0,1,insufficient,
BTG1,,29.5,,,,chromatin,,1,1,0,insufficient,
BUB1,,30.5,,,,chromatin,,1,1,0,insufficient,
C1QTNF4,,0.0,,,,RNA,,1,0,1,insufficient,
C21orf58,,-1.0,,,,RNA,,1,0,1,insufficient,
CA2,,-16.0,,,,RNA,,1,0,1,insufficient,
CA8,,-13.5,,,,RNA,,1,0,1,insufficient,
CALCOCO2,,13.5,,,,chromatin,,1,1,0,insufficient,
CAMK1,,1.0,,,,chromatin,,1,1,0,insufficient,
CANX,,2.0,,,,chromatin,,1,1,0,insufficient,
CASS4,,16.0,,,,chromatin,,1,1,0,insufficient,
CAT,,6.0,,,,chromatin,,1,1,0,insufficient,
CAVIN2,,-7.0,,,,RNA,,1,0,1,insufficient,
CCDC141,,28.5,,,,chromatin,,1,1,0,insufficient,
CCDC171,,23.0,,,,chromatin,,1,1,0,insufficient,
CCDC175,,-15.0,,,,RNA,,1,0,1,insufficient,
CCDC18,,22.0,,,,chromatin,,1,1,0,insufficient,
CCDC69,,0.0,,,,RNA,,1,0,1,insufficient,
CCNB2,,-1.0,,,,RNA,,1,0,1,insufficient,
CCNL1,,23.5,,,,chromatin,,1,1,0,insufficient,
CCR9,,-1.0,,,,RNA,,1,0,1,insufficient,
CD200,,-1.5,,,,RNA,,1,0,1,insufficient,
CD247,,-4.0,,,,RNA,,1,0,1,insufficient,
CD38,,21.0,,,,chromatin,,1,1,0,insufficient,
CD44,,-1.0,,,,RNA,,1,0,1,insufficient,
CD52,,-4.0,,,,RNA,,1,0,1,insufficient,
CD74,,-9.0,,,,RNA,,1,0,1,insufficient,
CD84,,-2.0,,,,RNA,,1,0,1,insufficient,
CDC20,,-4.0,,,,RNA,,1,0,1,insufficient,
CDC42BPA,,1.0,,,,chromatin,,1,1,0,insufficient,
CDCA8,,-4.0,,,,RNA,,1,0,1,insufficient,
CDH1,,-21.5,,,,RNA,,1,0,1,insufficient,
CDH6,,-16.0,,,,RNA,,1,0,1,insufficient,
CDK1,,0.0,,,,RNA,,1,0,1,insufficient,
CDK15,,12.0,,,,chromatin,,1,1,0,insufficient,
CDK6,,-2.0,,,,RNA,,1,0,1,insufficient,
CDKN1C,,-2.0,,,,RNA,,1,0,1,insufficient,
CDKN3,,-11.0,,,,RNA,,1,0,1,insufficient,
CEBPE,,0.0,,,,RNA,,1,0,1,insufficient,
CEP126,,-3.0,,,,RNA,,1,0,1,insufficient,
CFH,,0.0,,,,RNA,,1,0,1,insufficient,
CHAF1A,,-1.0,,,,RNA,,1,0,1,insufficient,
CHRM3,,3.0,,,,chromatin,,1,1,0,insufficient,
CIT,,0.0,,,,RNA,,1,0,1,insufficient,
CITED2,,0.0,,,,RNA,,1,0,1,insufficient,
CKAP2L,,0.0,,,,RNA,,1,0,1,insufficient,
CKS1B,,32.0,,,,chromatin,,1,1,0,insufficient,
CLCN4,,32.0,,,,chromatin,,1,1,0,insufficient,
CLDN10,,10.5,,,,chromatin,,1,1,0,insufficient,
CLEC11A,,-30.0,,,,RNA,,1,0,1,insufficient,
CLU,,-14.0,,,,RNA,,1,0,1,insufficient,
CNKSR3,,0.0,,,,RNA,,1,0,1,insufficient,
COL5A1,,1.0,,,,chromatin,,1,1,0,insufficient,
COL6A3,,-2.0,,,,RNA,,1,0,1,insufficient,
CPPED1,,1.0,,,,chromatin,,1,1,0,insufficient,
CRYBG1,,15.0,,,,chromatin,,1,1,0,insufficient,
CSF3R,,13.0,,,,chromatin,,1,1,0,insufficient,
CSRNP1,,2.0,,,,chromatin,,1,1,0,insufficient,
CTNNBL1,,-1.0,,,,RNA,,1,0,1,insufficient,
CTSO,,16.0,,,,chromatin,,1,1,0,insufficient,
CTTN,,-21.0,,,,RNA,,1,0,1,insufficient,
CYBB,,13.0,,,,chromatin,,1,1,0,insufficient,
CYFIP2,,1.0,,,,chromatin,,1,1,0,insufficient,
CYLD,,-7.0,,,,RNA,,1,0,1,insufficient,
CYSLTR1,,4.0,,,,chromatin,,1,1,0,insufficient,
CYSLTR2,,-7.0,,,,RNA,,1,0,1,insufficient,
CYTH4,,12.5,,,,chromatin,,1,1,0,insufficient,
CYTL1,,2.0,,,,chromatin,,1,1,0,insufficient,
CYTOR,,2.0,,,,chromatin,,1,1,0,insufficient,
DAPK1,,-2.0,,,,RNA,,1,0,1,insufficient,
DCBLD2,,1.0,,,,chromatin,,1,1,0,insufficient,
DENND2C,,-7.0,,,,RNA,,1,0,1,insufficient,
DENND6B,,-10.5,,,,RNA,,1,0,1,insufficient,
DEPTOR,,-2.5,,,,RNA,,1,0,1,insufficient,
DHCR24,,2.0,,,,chromatin,,1,1,0,insufficient,
DHFR,,2.5,,,,chromatin,,1,1,0,insufficient,
DHRS3,,0.0,,,,RNA,,1,0,1,insufficient,
DIAPH2,,2.0,,,,chromatin,,1,1,0,insufficient,
DLGAP5,,1.0,,,,chromatin,,1,1,0,insufficient,
DMXL2,,19.0,,,,chromatin,,1,1,0,insufficient,
DNMT1,,18.0,,,,chromatin,,1,1,0,insufficient,
DNTT,,8.0,,,,chromatin,,1,1,0,insufficient,
DST,,40.0,,,,chromatin,,1,1,0,insufficient,
DTL,,-3.5,,,,RNA,,1,0,1,insufficient,
DTX4,,-21.0,,,,RNA,,1,0,1,insufficient,
DUSP10,,0.0,,,,RNA,,1,0,1,insufficient,
DUSP6,,-1.0,,,,RNA,,1,0,1,insufficient,
DUT,,16.0,,,,chromatin,,1,1,0,insufficient,
EBP,,17.0,,,,chromatin,,1,1,0,insufficient,
EFHC2,,5.0,,,,chromatin,,1,1,0,insufficient,
EGF,,1.0,,,,chromatin,,1,1,0,insufficient,
EIF5B,,0.0,,,,RNA,,1,0,1,insufficient,
ELOVL6,,0.0,,,,RNA,,1,0,1,insufficient,
ELOVL7,,4.0,,,,chromatin,,1,1,0,insufficient,
EMILIN2,,0.0,,,,RNA,,1,0,1,insufficient,
EMP1,,-4.0,,,,RNA,,1,0,1,insufficient,
EMP3,,-1.0,,,,RNA,,1,0,1,insufficient,
ENDOD1,,-6.0,,,,RNA,,1,0,1,insufficient,
ENPP2,,28.0,,,,chromatin,,1,1,0,insufficient,
EPB41L3,,3.5,,,,chromatin,,1,1,0,insufficient,
ERG,,42.0,,,,chromatin,,1,1,0,insufficient,
ETS1,,-1.0,,,,RNA,,1,0,1,insufficient,
F2R,,11.0,,,,chromatin,,1,1,0,insufficient,
FADS1,,17.0,,,,chromatin,,1,1,0,insufficient,
FADS2,,0.0,,,,RNA,,1,0,1,insufficient,
FAM117A,,1.0,,,,chromatin,,1,1,0,insufficient,
FAM178B,,-3.0,,,,RNA,,1,0,1,insufficient,
FAM30A,,3.0,,,,chromatin,,1,1,0,insufficient,
FANCI,,-1.0,,,,RNA,,1,0,1,insufficient,
FAT3,,16.0,,,,chromatin,,1,1,0,insufficient,
FBN1,,-0.5,,,,RNA,,1,0,1,insufficient,
FBN2,,-20.0,,,,RNA,,1,0,1,insufficient,
FCER2,,4.5,,,,chromatin,,1,1,0,insufficient,
FCN1,,10.0,,,,chromatin,,1,1,0,insufficient,
FDPS,,-2.0,,,,RNA,,1,0,1,insufficient,
FGD5,,-1.0,,,,RNA,,1,0,1,insufficient,
FGD6,,0.0,,,,RNA,,1,0,1,insufficient,
FGFR1,,-19.0,,,,RNA,,1,0,1,insufficient,
FHL1,,-6.0,,,,RNA,,1,0,1,insufficient,
FHL2,,0.0,,,,RNA,,1,0,1,insufficient,
FLI1,,3.0,,,,chromatin,,1,1,0,insufficient,
FLNB,,17.5,,,,chromatin,,1,1,0,insufficient,
FLT3,,3.0,,,,chromatin,,1,1,0,insufficient,
FOXO3,,-1.0,,,,RNA,,1,0,1,insufficient,
FRMD4B,,1.5,,,,chromatin,,1,1,0,insufficient,
FRY,,2.0,,,,chromatin,,1,1,0,insufficient,
FYN,,24.5,,,,chromatin,,1,1,0,insufficient,
GALNT10,,2.0,,,,chromatin,,1,1,0,insufficient,
GALNT14,,6.0,,,,chromatin,,1,1,0,insufficient,
GALNT3,,-8.0,,,,RNA,,1,0,1,insufficient,
GALNT6,,26.0,,,,chromatin,,1,1,0,insufficient,
GATA1,,-1.0,,,,RNA,,1,0,1,insufficient,
GATA2-AS1,,4.0,,,,chromatin,,1,1,0,insufficient,
GATA3,,-2.0,,,,RNA,,1,0,1,insufficient,
GBE1,,-27.0,,,,RNA,,1,0,1,insufficient,
GBP2,,0.0,,,,RNA,,1,0,1,insufficient,
GBP4,,-1.0,,,,RNA,,1,0,1,insufficient,
GCNT4,,5.5,,,,chromatin,,1,1,0,insufficient,
GCSAML,,4.0,,,,chromatin,,1,1,0,insufficient,
GFI1,,-5.0,,,,RNA,,1,0,1,insufficient,
GFI1B,,6.0,,,,chromatin,,1,1,0,insufficient,
GLIPR1,,-2.5,,,,RNA,,1,0,1,insufficient,
GNAI1,,27.5,,,,chromatin,,1,1,0,insufficient,
GNB5,,4.0,,,,chromatin,,1,1,0,insufficient,
GNG7,,0.0,,,,RNA,,1,0,1,insufficient,
GNS,,0.0,,,,RNA,,1,0,1,insufficient,
GOLPH3,,27.0,,,,chromatin,,1,1,0,insufficient,
GP6,,-1.0,,,,RNA,,1,0,1,insufficient,
GPAT3,,3.0,,,,chromatin,,1,1,0,insufficient,
GPI,,-3.0,,,,RNA,,1,0,1,insufficient,
GPNMB,,-2.0,,,,RNA,,1,0,1,insufficient,
GPR85,,0.0,,,,RNA,,1,0,1,insufficient,
GPRIN3,,-1.0,,,,RNA,,1,0,1,insufficient,
GPT2,,4.0,,,,chromatin,,1,1,0,insufficient,
GRAMD1C,,-1.0,,,,RNA,,1,0,1,insufficient,
GSAP,,14.0,,,,chromatin,,1,1,0,insufficient,
GTSE1,,0.0,,,,RNA,,1,0,1,insufficient,
GUCY1A1,,-3.0,,,,RNA,,1,0,1,insufficient,
GUCY1B1,,7.0,,,,chromatin,,1,1,0,insufficient,
GYPB,,41.0,,,,chromatin,,1,1,0,insufficient,
HAL,,-1.0,,,,RNA,,1,0,1,insufficient,
HCK,,33.0,,,,chromatin,,1,1,0,insufficient,
HCST,,0.0,,,,RNA,,1,0,1,insufficient,
HELLS,,-2.5,,,,RNA,,1,0,1,insufficient,
HES4,,-2.0,,,,RNA,,1,0,1,insufficient,
HIF1A,,43.0,,,,chromatin,,1,1,0,insufficient,
HLA-DRA,,-1.0,,,,RNA,,1,0,1,insufficient,
HLA-F,,-2.0,,,,RNA,,1,0,1,insufficient,
HMGCS1,,0.0,,,,RNA,,1,0,1,insufficient,
HNRNPLL,,-2.0,,,,RNA,,1,0,1,insufficient,
HOPX,,-2.5,,,,RNA,,1,0,1,insufficient,
HOXA3,,3.0,,,,chromatin,,1,1,0,insufficient,
HOXA9,,-1.0,,,,RNA,,1,0,1,insufficient,
HOXB3,,-1.0,,,,RNA,,1,0,1,insufficient,
HPSE,,-4.0,,,,RNA,,1,0,1,insufficient,
HS2ST1,,0.5,,,,chromatin,,1,1,0,insufficient,
HSH2D,,16.5,,,,chromatin,,1,1,0,insufficient,
HSP90AA1,,-2.0,,,,RNA,,1,0,1,insufficient,
HSP90AB1,,8.0,,,,chromatin,,1,1,0,insufficient,
HSP90B1,,0.0,,,,RNA,,1,0,1,insufficient,
HSPA8,,0.0,,,,RNA,,1,0,1,insufficient,
HSPE1,,-17.0,,,,RNA,,1,0,1,insufficient,
HSPG2,,0.0,,,,RNA,,1,0,1,insufficient,
IDS,,-11.5,,,,RNA,,1,0,1,insufficient,
IGF2BP2,,6.0,,,,chromatin,,1,1,0,insufficient,
IGF2R,,9.0,,,,chromatin,,1,1,0,insufficient,
IGHD,,-2.0,,,,RNA,,1,0,1,insufficient,
IL10RA,,20.0,,,,chromatin,,1,1,0,insufficient,
IL15,,-3.0,,,,RNA,,1,0,1,insufficient,
IL2RA,,-2.5,,,,RNA,,1,0,1,insufficient,
IL4R,,27.5,,,,chromatin,,1,1,0,insufficient,
IL6ST,,11.0,,,,chromatin,,1,1,0,insufficient,
IL9R,,-25.0,,,,RNA,,1,0,1,insufficient,
IQCA1,,-3.0,,,,RNA,,1,0,1,insufficient,
IQCN,,-9.0,,,,RNA,,1,0,1,insufficient,
IQGAP2,,-12.0,,,,RNA,,1,0,1,insufficient,
IQSEC1,,10.0,,,,chromatin,,1,1,0,insufficient,
IRF1,,18.0,,,,chromatin,,1,1,0,insufficient,
ITGA9,,-1.0,,,,RNA,,1,0,1,insufficient,
ITGAX,,11.5,,,,chromatin,,1,1,0,insufficient,
ITGB5,,34.0,,,,chromatin,,1,1,0,insufficient,
ITPR2,,-22.0,,,,RNA,,1,0,1,insufficient,
JAKMIP2,,7.0,,,,chromatin,,1,1,0,insufficient,
JMJD1C,,32.0,,,,chromatin,,1,1,0,insufficient,
JUND,,-23.0,,,,RNA,,1,0,1,insufficient,
KCNH2,,7.5,,,,chromatin,,1,1,0,insufficient,
KCNK17,,-18.0,,,,RNA,,1,0,1,insufficient,
KCNK6,,24.0,,,,chromatin,,1,1,0,insufficient,
KEL,,0.0,,,,RNA,,1,0,1,insufficient,
KIAA0087,,-1.5,,,,RNA,,1,0,1,insufficient,
KIAA0930,,-20.0,,,,RNA,,1,0,1,insufficient,
KIF11,,1.0,,,,chromatin,,1,1,0,insufficient,
KIF14,,-9.5,,,,RNA,,1,0,1,insufficient,
KIF15,,5.0,,,,chromatin,,1,1,0,insufficient,
KIF20B,,2.0,,,,chromatin,,1,1,0,insufficient,
KIF2C,,-4.0,,,,RNA,,1,0,1,insufficient,
KIFC3,,0.0,,,,RNA,,1,0,1,insufficient,
KLF1,,-1.0,,,,RNA,,1,0,1,insufficient,
KLF4,,4.0,,,,chromatin,,1,1,0,insufficient,
KLF7,,4.5,,,,chromatin,,1,1,0,insufficient,
KLF9,,-2.0,,,,RNA,,1,0,1,insufficient,
KLHL24,,40.0,,,,chromatin,,1,1,0,insufficient,
KNL1,,-0.5,,,,RNA,,1,0,1,insufficient,
KPNA2,,-3.0,,,,RNA,,1,0,1,insufficient,
LAX1,,15.0,,,,chromatin,,1,1,0,insufficient,
LGMN,,6.0,,,,chromatin,,1,1,0,insufficient,
LIN7A,,1.0,,,,chromatin,,1,1,0,insufficient,
LINC00426,,4.0,,,,chromatin,,1,1,0,insufficient,
LINC00504,,0.0,,,,RNA,,1,0,1,insufficient,
LINC00539,,2.0,,,,chromatin,,1,1,0,insufficient,
LINC02227,,25.0,,,,chromatin,,1,1,0,insufficient,
LINC02573,,3.0,,,,chromatin,,1,1,0,insufficient,
LIPH,,42.0,,,,chromatin,,1,1,0,insufficient,
LPCAT2,,-2.0,,,,RNA,,1,0,1,insufficient,
LPIN1,,0.0,,,,RNA,,1,0,1,insufficient,
LRP12,,0.0,,,,RNA,,1,0,1,insufficient,
LTB,,,0.10684609362810941,,,,chromatin,1,1,0,insufficient,
LYN,,-27.0,,,,RNA,,1,0,1,insufficient,
MANF,,-2.0,,,,RNA,,1,0,1,insufficient,
MAOB,,-15.0,,,,RNA,,1,0,1,insufficient,
MAP3K1,,19.0,,,,chromatin,,1,1,0,insufficient,
MAPRE2,,-24.5,,,,RNA,,1,0,1,insufficient,
MAST4,,0.0,,,,RNA,,1,0,1,insufficient,
MBOAT2,,6.5,,,,chromatin,,1,1,0,insufficient,
MCM10,,1.0,,,,chromatin,,1,1,0,insufficient,
MCM3,,0.0,,,,RNA,,1,0,1,insufficient,
MCM4,,-2.0,,,,RNA,,1,0,1,insufficient,
MCM7,,14.5,,,,chromatin,,1,1,0,insufficient,
MDFIC,,-5.5,,,,RNA,,1,0,1,insufficient,
MEF2A,,10.0,,,,chromatin,,1,1,0,insufficient,
MEF2C,,16.0,,,,chromatin,,1,1,0,insufficient,
MEG3,,5.0,,,,chromatin,,1,1,0,insufficient,
MGAM,,-4.0,,,,RNA,,1,0,1,insufficient,
MIF,,30.0,,,,chromatin,,1,1,0,insufficient,
MINPP1,,1.0,,,,chromatin,,1,1,0,insufficient,
MLEC,,3.0,,,,chromatin,,1,1,0,insufficient,
MLLT3,,5.0,,,,chromatin,,1,1,0,insufficient,
MMP2,,-25.0,,,,RNA,,1,0,1,insufficient,
MMS22L,,3.0,,,,chromatin,,1,1,0,insufficient,
MN1,,-1.0,,,,RNA,,1,0,1,insufficient,
MPIG6B,,-1.0,,,,RNA,,1,0,1,insufficient,
MRC2,,6.0,,,,chromatin,,1,1,0,insufficient,
MS4A3,,0.0,,,,RNA,,1,0,1,insufficient,
MSMO1,,-8.0,,,,RNA,,1,0,1,insufficient,
MTCL1,,-0.5,,,,RNA,,1,0,1,insufficient,
MTURN,,0.0,,,,RNA,,1,0,1,insufficient,
MTUS1,,41.0,,,,chromatin,,1,1,0,insufficient,
MVP,,-5.0,,,,RNA,,1,0,1,insufficient,
MYADM,,5.0,,,,chromatin,,1,1,0,insufficient,
MYCT1,,7.0,,,,chromatin,,1,1,0,insufficient,
MYH10,,1.0,,,,chromatin,,1,1,0,insufficient,
MYLIP,,-2.0,,,,RNA,,1,0,1,insufficient,
MYO1F,,-40.0,,,,RNA,,1,0,1,insufficient,
MYOM1,,12.5,,,,chromatin,,1,1,0,insufficient,
NAV1,,0.0,,,,RNA,,1,0,1,insufficient,
NBAS,,-1.5,,,,RNA,,1,0,1,insufficient,
NCAPG2,,-3.0,,,,RNA,,1,0,1,insufficient,
NCOA7,,-2.0,,,,RNA,,1,0,1,insufficient,
NECAB1,,31.5,,,,chromatin,,1,1,0,insufficient,
NEK6,,5.0,,,,chromatin,,1,1,0,insufficient,
NETO2,,-7.0,,,,RNA,,1,0,1,insufficient,
NFIA,,17.0,,,,chromatin,,1,1,0,insufficient,
NFIB,,-12.0,,,,RNA,,1,0,1,insufficient,
NFIL3,,-7.0,,,,RNA,,1,0,1,insufficient,
NKG7,,6.5,,,,chromatin,,1,1,0,insufficient,
NLN,,-4.0,,,,RNA,,1,0,1,insufficient,
NMNAT3,,-10.0,,,,RNA,,1,0,1,insufficient,
NMT2,,-2.5,,,,RNA,,1,0,1,insufficient,
NOS1AP,,3.0,,,,chromatin,,1,1,0,insufficient,
NOTCH3,,2.0,,,,chromatin,,1,1,0,insufficient,
NPR3,,0.0,,,,RNA,,1,0,1,insufficient,
NPW,,-18.0,,,,RNA,,1,0,1,insufficient,
NR1D2,,-1.0,,,,RNA,,1,0,1,insufficient,
NT5C2,,-3.0,,,,RNA,,1,0,1,insufficient,
NUF2,,-3.0,,,,RNA,,1,0,1,insufficient,
NUP210,,-10.0,,,,RNA,,1,0,1,insufficient,
NUSAP1,,-4.0,,,,RNA,,1,0,1,insufficient,
OPTN,,37.0,,,,chromatin,,1,1,0,insufficient,
OTULINL,,-3.0,,,,RNA,,1,0,1,insufficient,
P2RX1,,-23.0,,,,RNA,,1,0,1,insufficient,
P2RY8,,15.0,,,,chromatin,,1,1,0,insufficient,
P4HA1,,15.0,,,,chromatin,,1,1,0,insufficient,
PADI4,,1.0,,,,chromatin,,1,1,0,insufficient,
PAPPA,,-5.0,,,,RNA,,1,0,1,insufficient,
PAPSS2,,0.0,,,,RNA,,1,0,1,insufficient,
PBXIP1,,-4.0,,,,RNA,,1,0,1,insufficient,
PCDH17,,2.0,,,,chromatin,,1,1,0,insufficient,
PCLAF,,-3.0,,,,RNA,,1,0,1,insufficient,
PCNA,,0.0,,,,RNA,,1,0,1,insufficient,
PDGFB,,-16.5,,,,RNA,,1,0,1,insufficient,
PDIA6,,0.0,,,,RNA,,1,0,1,insufficient,
PDLIM1,,-1.0,,,,RNA,,1,0,1,insufficient,
PDZD8,,-1.0,,,,RNA,,1,0,1,insufficient,
PER1,,1.0,,,,chromatin,,1,1,0,insufficient,
PFKFB4,,0.0,,,,RNA,,1,0,1,insufficient,
PGAM1,,3.0,,,,chromatin,,1,1,0,insufficient,
PGM5,,1.0,,,,chromatin,,1,1,0,insufficient,
PHACTR4,,-1.0,,,,RNA,,1,0,1,insufficient,
PIK3AP1,,3.0,,,,chromatin,,1,1,0,insufficient,
PIK3IP1,,-8.0,,,,RNA,,1,0,1,insufficient,
PIK3R6,,-19.5,,,,RNA,,1,0,1,insufficient,
PIM1,,-3.5,,,,RNA,,1,0,1,insufficient,
PIP5K1B,,-1.0,,,,RNA,,1,0,1,insufficient,
PITPNM2,,2.0,,,,chromatin,,1,1,0,insufficient,
PIWIL4,,1.0,,,,chromatin,,1,1,0,insufficient,
PKM,,-6.0,,,,RNA,,1,0,1,insufficient,
PLCB4,,2.0,,,,chromatin,,1,1,0,insufficient,
PLK1,,-1.0,,,,RNA,,1,0,1,insufficient,
PLXNC1,,-22.0,,,,RNA,,1,0,1,insufficient,
PNPLA7,,0.0,,,,RNA,,1,0,1,insufficient,
POLE2,,1.0,,,,chromatin,,1,1,0,insufficient,
PPM1H,,2.0,,,,chromatin,,1,1,0,insufficient,
PRAG1,,-1.0,,,,RNA,,1,0,1,insufficient,
PRAM1,,8.0,,,,chromatin,,1,1,0,insufficient,
PRC1,,3.0,,,,chromatin,,1,1,0,insufficient,
PRDM16,,0.0,,,,RNA,,1,0,1,insufficient,
PRICKLE2,,-3.0,,,,RNA,,1,0,1,insufficient,
PRKCB,,-9.0,,,,RNA,,1,0,1,insufficient,
PRKDC,,1.0,,,,chromatin,,1,1,0,insufficient,
PROM1,,-4.0,,,,RNA,,1,0,1,insufficient,
PRR5L,,9.5,,,,chromatin,,1,1,0,insufficient,
PRSS57,,8.0,,,,chromatin,,1,1,0,insufficient,
PSTPIP2,,0.0,,,,RNA,,1,0,1,insufficient,
PTAFR,,1.5,,,,chromatin,,1,1,0,insufficient,
PTGS1,,-1.0,,,,RNA,,1,0,1,insufficient,
PTTG1,,17.0,,,,chromatin,,1,1,0,insufficient,
PUM3,,1.0,,,,chromatin,,1,1,0,insufficient,
PXK,,4.0,,,,chromatin,,1,1,0,insufficient,
RAB27A,,-5.0,,,,RNA,,1,0,1,insufficient,
RAB3C,,-3.0,,,,RNA,,1,0,1,insufficient,
RAB44,,-2.0,,,,RNA,,1,0,1,insufficient,
RAB7B,,8.5,,,,chromatin,,1,1,0,insufficient,
RAMP1,,-24.0,,,,RNA,,1,0,1,insufficient,
RASGEF1B,,0.0,,,,RNA,,1,0,1,insufficient,
RBL1,,-3.0,,,,RNA,,1,0,1,insufficient,
RBM38,,3.0,,,,chromatin,,1,1,0,insufficient,
REL,,31.0,,,,chromatin,,1,1,0,insufficient,
RETREG1,,14.0,,,,chromatin,,1,1,0,insufficient,
RFLNB,,1.0,,,,chromatin,,1,1,0,insufficient,
RGCC,,-3.0,,,,RNA,,1,0,1,insufficient,
RGS1,,0.0,,,,RNA,,1,0,1,insufficient,
RGS17,,-3.0,,,,RNA,,1,0,1,insufficient,
RGS18,,-0.5,,,,RNA,,1,0,1,insufficient,
RHAG,,0.0,,,,RNA,,1,0,1,insufficient,
RHOU,,-14.0,,,,RNA,,1,0,1,insufficient,
RIPK2,,-3.5,,,,RNA,,1,0,1,insufficient,
RIPOR3,,14.0,,,,chromatin,,1,1,0,insufficient,
RNF130,,6.0,,,,chromatin,,1,1,0,insufficient,
RPL3,,29.0,,,,chromatin,,1,1,0,insufficient,
RPS4X,,-1.0,,,,RNA,,1,0,1,insufficient,
RPS6KA5,,-1.0,,,,RNA,,1,0,1,insufficient,
RTN1,,7.0,,,,chromatin,,1,1,0,insufficient,
RUNX1,,-5.0,,,,RNA,,1,0,1,insufficient,
RUNX3,,2.0,,,,chromatin,,1,1,0,insufficient,
RXFP1,,0.0,,,,RNA,,1,0,1,insufficient,
SAT1,,0.0,,,,RNA,,1,0,1,insufficient,
SCD,,-6.0,,,,RNA,,1,0,1,insufficient,
SCML4,,0.0,,,,RNA,,1,0,1,insufficient,
SCN2A,,-4.0,,,,RNA,,1,0,1,insufficient,
SEC24D,,-2.5,,,,RNA,,1,0,1,insufficient,
SELENOP,,-1.0,,,,RNA,,1,0,1,insufficient,
SELL,,-5.0,,,,RNA,,1,0,1,insufficient,
SERPINB10,,-14.0,,,,RNA,,1,0,1,insufficient,
SERPINB9,,-35.0,,,,RNA,,1,0,1,insufficient,
SESN3,,42.0,,,,chromatin,,1,1,0,insufficient,
SGO2,,-1.0,,,,RNA,,1,0,1,insufficient,
SGPP1,,0.0,,,,RNA,,1,0,1,insufficient,
SH2D3C,,-12.0,,,,RNA,,1,0,1,insufficient,
SH2D4B,,23.5,,,,chromatin,,1,1,0,insufficient,
SLC12A6,,1.0,,,,chromatin,,1,1,0,insufficient,
SLC1A3,,-1.5,,,,RNA,,1,0,1,insufficient,
SLC22A4,,-4.0,,,,RNA,,1,0,1,insufficient,
SLC27A2,,-8.0,,,,RNA,,1,0,1,insufficient,
SLC37A1,,4.0,,,,chromatin,,1,1,0,insufficient,
SLC43A2,,-18.5,,,,RNA,,1,0,1,insufficient,
SLC43A3,,-1.0,,,,RNA,,1,0,1,insufficient,
SLC9A7,,5.0,,,,chromatin,,1,1,0,insufficient,
SMC2,,0.0,,,,RNA,,1,0,1,insufficient,
SMC4,,24.0,,,,chromatin,,1,1,0,insufficient,
SMIM1,,1.0,,,,chromatin,,1,1,0,insufficient,
SNX29,,36.0,,,,chromatin,,1,1,0,insufficient,
SORL1,,0.0,,,,RNA,,1,0,1,insufficient,
SPC25,,-3.0,,,,RNA,,1,0,1,insufficient,
SPINK2,,-0.5,,,,RNA,,1,0,1,insufficient,
SPNS3,,1.0,,,,chromatin,,1,1,0,insufficient,
SPRED1,,15.0,,,,chromatin,,1,1,0,insufficient,
SPTBN1,,1.0,,,,chromatin,,1,1,0,insufficient,
SQLE,,-1.0,,,,RNA,,1,0,1,insufficient,
SRGAP1,,37.0,,,,chromatin,,1,1,0,insufficient,
SSBP2,,-6.0,,,,RNA,,1,0,1,insufficient,
ST6GAL2,,10.0,,,,chromatin,,1,1,0,insufficient,
STAB1,,9.0,,,,chromatin,,1,1,0,insufficient,
STON2,,-6.0,,,,RNA,,1,0,1,insufficient,
STUM,,-7.0,,,,RNA,,1,0,1,insufficient,
SUCNR1,,1.0,,,,chromatin,,1,1,0,insufficient,
SYTL2,,-25.0,,,,RNA,,1,0,1,insufficient,
SYTL4,,-4.0,,,,RNA,,1,0,1,insufficient,
TAB2,,-1.0,,,,RNA,,1,0,1,insufficient,
TCF7L2,,-1.0,,,,RNA,,1,0,1,insufficient,
TCL1A,,2.0,,,,chromatin,,1,1,0,insufficient,
TCP11L2,,-2.0,,,,RNA,,1,0,1,insufficient,
TDRD9,,0.0,,,,RNA,,1,0,1,insufficient,
TEC,,0.5,,,,chromatin,,1,1,0,insufficient,
TESC,,-1.0,,,,RNA,,1,0,1,insufficient,
TESPA1,,0.0,,,,RNA,,1,0,1,insufficient,
TET2,,-3.0,,,,RNA,,1,0,1,insufficient,
TFPI,,7.0,,,,chromatin,,1,1,0,insufficient,
TIFAB,,-2.5,,,,RNA,,1,0,1,insufficient,
TK1,,0.0,,,,RNA,,1,0,1,insufficient,
TLE4,,38.0,,,,chromatin,,1,1,0,insufficient,
TLR2,,-3.0,,,,RNA,,1,0,1,insufficient,
TMEM140,,-19.0,,,,RNA,,1,0,1,insufficient,
TMEM200A,,0.0,,,,RNA,,1,0,1,insufficient,
TMEM65,,-5.0,,,,RNA,,1,0,1,insufficient,
TMEM97,,33.5,,,,chromatin,,1,1,0,insufficient,
TNFAIP2,,-21.0,,,,RNA,,1,0,1,insufficient,
TNFAIP8,,0.0,,,,RNA,,1,0,1,insufficient,
TNFRSF19,,0.0,,,,RNA,,1,0,1,insufficient,
TNFRSF4,,-8.0,,,,RNA,,1,0,1,insufficient,
TNFSF13B,,-23.0,,,,RNA,,1,0,1,insufficient,
TNIK,,-30.0,,,,RNA,,1,0,1,insufficient,
TNS3,,21.5,,,,chromatin,,1,1,0,insufficient,
TP53INP1,,-18.0,,,,RNA,,1,0,1,insufficient,
TPCN1,,-6.0,,,,RNA,,1,0,1,insufficient,
TPM1,,-3.5,,,,RNA,,1,0,1,insufficient,
TPSD1,,-1.0,,,,RNA,,1,0,1,insufficient,
TRBVB,,-1.0,,,,RNA,,1,0,1,insufficient,
TRG-AS1,,5.0,,,,chromatin,,1,1,0,insufficient,
TRGC2,,1.0,,,,chromatin,,1,1,0,insufficient,
TRIB2,,4.0,,,,chromatin,,1,1,0,insufficient,
TRPS1,,-1.0,,,,RNA,,1,0,1,insufficient,
TSPAN9,,-8.0,,,,RNA,,1,0,1,insufficient,
TSPYL2,,-3.0,,,,RNA,,1,0,1,insufficient,
TTC39B,,2.0,,,,chromatin,,1,1,0,insufficient,
TTC7A,,14.0,,,,chromatin,,1,1,0,insufficient,
TUBA1C,,41.5,,,,chromatin,,1,1,0,insufficient,
TYMS,,0.0,,,,RNA,,1,0,1,insufficient,
UBE2H,,2.0,,,,chromatin,,1,1,0,insufficient,
UTS2,,-3.0,,,,RNA,,1,0,1,insufficient,
VAV3,,2.0,,,,chromatin,,1,1,0,insufficient,
VCL,,2.0,,,,chromatin,,1,1,0,insufficient,
VNN2,,30.0,,,,chromatin,,1,1,0,insufficient,
WASF3,,-2.0,,,,RNA,,1,0,1,insufficient,
XAF1,,0.0,,,,RNA,,1,0,1,insufficient,
ZBTB16,,0.0,,,,RNA,,1,0,1,insufficient,
ZBTB20,,-2.0,,,,RNA,,1,0,1,insufficient,
ZBTB8A,,-8.0,,,,RNA,,1,0,1,insufficient,
ZEB1,,1.5,,,,chromatin,,1,1,0,insufficient,
ZFP36,,-16.0,,,,RNA,,1,0,1,insufficient,
ZFPM1,,0.0,,,,RNA,,1,0,1,insufficient,
ZGRF1,,1.0,,,,chromatin,,1,1,0,insufficient,
ZMYND8,,0.0,,,,RNA,,1,0,1,insufficient,
ZNF521,,0.0,,,,RNA,,1,0,1,insufficient,
ABCA1,-0.1666666666666666,38.0,-0.015754585608255794,11.325081592342144,RNA,chromatin,RNA,3,1,2,split,
ABCB1,-0.0714285714285714,4.0,-0.018380797853191466,1.2354423771804022,RNA,chromatin,RNA,3,1,2,split,
ABCC3,0.0238095238095237,-10.0,0.09777324330363207,,chromatin,RNA,chromatin,3,2,1,split,
ABCC4,0.1428571428571428,-14.0,0.04302216390228155,4.265527375054605,chromatin,RNA,chromatin,3,2,1,split,
ABI3BP,0.0476190476190476,0.0,0.012817388669590868,11.637530116192963,chromatin,RNA,chromatin,3,2,1,split,
AC002454.1,-0.1904761904761904,,0.011746237324860034,9.08925846258185,RNA,,chromatin,2,1,1,split,
AC004053.1,0.0714285714285714,,-1.0101855596242504,,chromatin,,RNA,2,1,1,split,
AC007381.1,-0.1904761904761904,,0.013944574897731918,,RNA,,chromatin,2,1,1,split,
AC008014.1,0.1904761904761904,,-0.16289299124137824,4.851088356425144,chromatin,,RNA,2,1,1,split,
AC104232.1,0.1904761904761904,,-0.005746269793907105,0.20161008957910198,chromatin,,RNA,2,1,1,split,
AC107223.1,0.0476190476190476,,-0.19252307285856313,1.8361826990138876,chromatin,,RNA,2,1,1,split,
AC111000.4,-0.0476190476190476,,0.04307663213082014,3.9754135659788687,RNA,,chromatin,2,1,1,split,
ACSL1,-0.0952380952380952,37.5,0.022797567331699325,10.44542442139862,RNA,chromatin,chromatin,3,2,1,split,
ACY3,-0.1904761904761904,-2.0,0.05236918916000843,,RNA,RNA,chromatin,3,1,2,split,
ADAM12,0.0952380952380952,-3.0,0.07028279571914628,7.32843932170649,chromatin,RNA,chromatin,3,2,1,split,
ADAMTS3,0.119047619047619,-14.5,-0.048370201409175875,2.7512239273237418,chromatin,RNA,RNA,3,1,2,split,
ADAMTS7,0.0952380952380953,0.0,0.0224261152544908,,chromatin,RNA,chromatin,3,2,1,split,
ADCY6,0.0,-3.0,0.06949802047062967,7.117861098897405,RNA,RNA,chromatin,3,1,2,split,
ADCYAP1,-0.0476190476190475,0.0,0.030394451059182356,,RNA,RNA,chromatin,3,1,2,split,
ADGRE5,-0.1428571428571429,0.0,0.08037256535470229,5.820502548145219,RNA,RNA,chromatin,3,1,2,split,
ADGRG6,-0.1904761904761904,-2.0,0.004248559987998099,0.2435315516060954,RNA,RNA,chromatin,3,1,2,split,
AFF2,0.1428571428571428,,-0.05723884873713275,3.4859915356601094,chromatin,,RNA,2,1,1,split,
AFF3,-0.2619047619047618,,0.042752780127461476,4.683218374849805,RNA,,chromatin,2,1,1,split,
AGAP1,0.0952380952380952,-23.0,-0.022428391259729633,0.8288025549604825,chromatin,RNA,RNA,3,1,2,split,
AIFM1,0.2857142857142857,,-0.041153873573972946,9.072261229182986,chromatin,,RNA,2,1,1,split,
AIG1,0.0952380952380952,20.5,-0.018259610348472108,6.455334113731929,chromatin,chromatin,RNA,3,2,1,split,
AJ009632.2,-0.2857142857142857,,0.0474547782432327,0.2059959043036712,RNA,,chromatin,2,1,1,split,
AKAP12,-0.2857142857142857,,0.0904805895905616,9.409864734379047,RNA,,chromatin,2,1,1,split,
AL034397.3,0.0,,0.034238285860032934,3.689530602159839,RNA,,chromatin,2,1,1,split,
AL157895.1,0.1428571428571428,,-0.16410105460232108,0.8098712080086914,chromatin,,RNA,2,1,1,split,
AL365295.1,-0.1904761904761904,,0.7324672602616049,,RNA,,chromatin,2,1,1,split,
ALOX5AP,0.0476190476190476,-3.0,0.05821918914798545,4.5911500269022465,chromatin,RNA,chromatin,3,2,1,split,
ARHGAP18,0.2380952380952381,0.0,0.05463940548252388,7.020335696204744,chromatin,RNA,chromatin,3,2,1,split,
ARHGAP6,0.0,32.0,0.03556518648077642,2.6813370431184045,RNA,chromatin,chromatin,3,2,1,split,
ARL4C,0.0476190476190475,-4.0,0.044515630157813,,chromatin,RNA,chromatin,3,2,1,split,
ARPP21,-0.1904761904761904,,0.09828355391084907,,RNA,,chromatin,2,1,1,split,
ASPM,-0.1904761904761904,-2.0,0.03996890504197397,6.768302364519292,RNA,RNA,chromatin,3,1,2,split,
ATF3,0.0,2.0,0.02986999811090609,4.877193364257124,RNA,chromatin,chromatin,3,2,1,split,
ATP10A,-0.3333333333333333,17.5,-0.03433224376893951,3.256866549712721,RNA,chromatin,RNA,3,1,2,split,
ATP10D,0.0,-6.5,0.012089012595746053,6.899015765345616,RNA,RNA,chromatin,3,1,2,split,
ATP8B1,0.0476190476190476,,-0.44258570526238983,10.45890629576134,chromatin,,RNA,2,1,1,split,
B4GALT5,0.3809523809523809,-8.0,0.004810388522678247,7.217670800360623,chromatin,RNA,chromatin,3,2,1,split,
BAALC,-0.0952380952380952,,0.02817864583989483,10.443463203649744,RNA,,chromatin,2,1,1,split,
BAALC-AS1,0.1666666666666666,,-0.10304006669397414,9.382457448528212,chromatin,,RNA,2,1,1,split,
BACE2,0.0952380952380953,-2.0,0.020750089338788996,5.178239539279703,chromatin,RNA,chromatin,3,2,1,split,
BACH2,-0.2857142857142857,,0.03317101365203369,16.270669676797485,RNA,,chromatin,2,1,1,split,
BBS9,0.0952380952380952,,-0.40108125442109716,8.046420522478646,chromatin,,RNA,2,1,1,split,
BCL2,-0.0476190476190476,-5.0,0.0016474480254478757,7.112769839837007,RNA,RNA,chromatin,3,1,2,split,
BLNK,-0.2619047619047618,21.0,0.020538798038324355,2.4940364775723944,RNA,chromatin,chromatin,3,2,1,split,
BMP6,0.0476190476190476,34.0,-0.16045818960886596,9.171320125529792,chromatin,chromatin,RNA,3,2,1,split,
BRIP1,0.0952380952380953,-13.0,-0.019817846380024193,0.20044922803736043,chromatin,RNA,RNA,3,1,2,split,
BTG2,-0.3809523809523809,-6.0,0.04481346857637393,6.011171590401929,RNA,RNA,chromatin,3,1,2,split,
C16orf74,0.0,,0.0958101183271946,,RNA,,chromatin,2,1,1,split,
C5orf17,0.1428571428571428,,-0.16516610663950596,7.070421819947909,chromatin,,RNA,2,1,1,split,
CABLES1,0.1428571428571428,,-0.07288635314936089,4.276028340974078,chromatin,,RNA,2,1,1,split,
CACNB2,0.0952380952380952,,-0.08684061891727916,18.518970777221636,chromatin,,RNA,2,1,1,split,
CACNB4,0.1666666666666666,4.0,-0.03270436249950312,3.1471755591236565,chromatin,chromatin,RNA,3,2,1,split,
CALD1,,-7.5,0.17882416703486134,,,RNA,chromatin,2,1,1,split,
CALR,0.1428571428571428,0.0,0.06423696398951177,3.948718512790384,chromatin,RNA,chromatin,3,2,1,split,
CAMK1D,0.2380952380952381,0.0,0.04495488147169284,4.437240385771557,chromatin,RNA,chromatin,3,2,1,split,
CAMK2D,-0.2857142857142857,-6.0,0.06424671805670917,2.724433896257825,RNA,RNA,chromatin,3,1,2,split,
CARMIL1,0.0,9.0,-0.0359516285866482,3.184957474418566,RNA,chromatin,RNA,3,1,2,split,
CCDC26,0.3571428571428571,,-0.08675393036752843,,chromatin,,RNA,2,1,1,split,
CCL5,0.0,15.0,0.1021118577114869,,RNA,chromatin,chromatin,3,2,1,split,
CCR7,-0.1428571428571429,0.0,0.05089098334880402,,RNA,RNA,chromatin,3,1,2,split,
CD22,-0.1904761904761904,8.0,0.0918086429483666,2.6940449981817043,RNA,chromatin,chromatin,3,2,1,split,
CD24,-0.1904761904761904,-4.0,0.039666194149189364,,RNA,RNA,chromatin,3,1,2,split,
CD69,-0.0952380952380952,,0.05860884816835395,5.6607948754995485,RNA,,chromatin,2,1,1,split,
CD79A,-0.2380952380952381,,0.06443703688240834,,RNA,,chromatin,2,1,1,split,
CD83,0.0476190476190476,-8.0,0.038891392196736554,0.808958383850594,chromatin,RNA,chromatin,3,2,1,split,
CD86,-0.1428571428571428,8.0,0.04533377352676349,9.618187082194025,RNA,chromatin,chromatin,3,2,1,split,
CD9,-0.1904761904761904,-2.0,0.0563965924686534,2.7096547170609413,RNA,RNA,chromatin,3,1,2,split,
CD96,-0.0952380952380952,0.0,0.017806787837857788,9.351503478524544,RNA,RNA,chromatin,3,1,2,split,
CDH7,0.0952380952380952,17.0,-0.06673450329217535,2.1753041607476766,chromatin,chromatin,RNA,3,2,1,split,
CENPE,0.0238095238095238,-2.0,0.03517936203370435,6.84315761861931,chromatin,RNA,chromatin,3,2,1,split,
CENPF,0.2857142857142857,-19.0,0.06910118988436188,6.751992437926074,chromatin,RNA,chromatin,3,2,1,split,
CENPP,0.0476190476190476,,-0.07745305170145388,0.2069085923941536,chromatin,,RNA,2,1,1,split,
CEP112,0.0476190476190475,-4.0,-0.3434856712693357,9.372930191649619,chromatin,RNA,RNA,3,1,2,split,
CEP19,0.0952380952380952,,-0.6037779770675775,10.288488598239958,chromatin,,RNA,2,1,1,split,
CHST15,-0.1904761904761904,11.0,-0.006920487228303976,,RNA,chromatin,RNA,3,1,2,split,
CHST8,0.1428571428571428,-2.0,-0.13316705928664627,,chromatin,RNA,RNA,3,1,2,split,
CLEC10A,0.0476190476190475,-18.0,0.10808674881265183,,chromatin,RNA,chromatin,3,2,1,split,
CLEC7A,-0.0476190476190476,-5.0,0.10852406573033505,8.29140795413793,RNA,RNA,chromatin,3,1,2,split,
CLNK,-0.2857142857142857,-9.0,0.062380494583132676,1.1717174500460619,RNA,RNA,chromatin,3,1,2,split,
CLSPN,0.3333333333333333,-2.0,0.019153731442698232,7.318018873263878,chromatin,RNA,chromatin,3,2,1,split,
CNR2,0.0952380952380952,,-0.2036081776910148,1.0378300316775613,chromatin,,RNA,2,1,1,split,
CNRIP1,0.0238095238095237,,-0.338556011167868,7.798639466199795,chromatin,,RNA,2,1,1,split,
COBLL1,-0.1428571428571428,2.0,-0.11684326293680375,1.0735870036801218,RNA,chromatin,RNA,3,1,2,split,
COL23A1,0.2857142857142857,-10.0,-0.02379969754420269,0.897469793999349,chromatin,RNA,RNA,3,1,2,split,
COL24A1,-0.0952380952380952,-5.0,0.045714075239410304,3.475155394593571,RNA,RNA,chromatin,3,1,2,split,
CPA3,0.0,2.0,0.07642229240466403,10.207952152424568,RNA,chromatin,chromatin,3,2,1,split,mast
CPED1,0.0476190476190475,,-0.14843908237710335,2.1593168496119897,chromatin,,RNA,2,1,1,split,
CR1,0.0238095238095237,4.0,-0.013265136353933699,1.9837593746215436,chromatin,chromatin,RNA,3,2,1,split,
CR1L,0.1190476190476191,,-0.0891563354730136,1.3322170846925836,chromatin,,RNA,2,1,1,split,
CRADD,-0.0952380952380952,,0.7720373325672849,,RNA,,chromatin,2,1,1,split,
CRHBP,-0.3095238095238095,25.0,-0.03812817686403841,11.202361807798892,RNA,chromatin,RNA,3,1,2,split,HSC
CRIP1,-0.1428571428571428,,0.04441004908201668,17.03385652397206,RNA,,chromatin,2,1,1,split,
CRPPA,0.1904761904761904,,-0.09773403519952067,11.102105616243124,chromatin,,RNA,2,1,1,split,
CSF1R,-0.0476190476190476,12.0,0.03423508585574232,12.925765986776748,RNA,chromatin,chromatin,3,2,1,split,myeloid
CSF2RB,0.0952380952380952,-2.0,0.061475150253096994,6.534158172273155,chromatin,RNA,chromatin,3,2,1,split,
CSGALNACT1,-0.1904761904761904,11.0,0.039618707912017576,0.3382423439207909,RNA,chromatin,chromatin,3,2,1,split,
CSKMT,0.0476190476190475,,-0.33021369297130876,8.914314781762393,chromatin,,RNA,2,1,1,split,
CTAG2,,-22.5,0.03424970409330816,20.043895404402793,,RNA,chromatin,2,1,1,split,
CTTNBP2,0.1904761904761904,-1.0,0.025174178363391468,3.578119644794759,chromatin,RNA,chromatin,3,2,1,split,
CXCL3,0.0476190476190476,-6.0,0.04112706489701523,,chromatin,RNA,chromatin,3,2,1,split,
CXCL8,-0.0952380952380952,32.5,0.10454389716350934,11.76342404315601,RNA,chromatin,chromatin,3,2,1,split,
CXCR4,-0.3095238095238095,-17.0,0.0443509352021669,4.1317150570638645,RNA,RNA,chromatin,3,1,2,split,
CYP7B1,0.2142857142857142,,-0.10468755852056306,2.345704480034647,chromatin,,RNA,2,1,1,split,
CYTH1,-0.1428571428571428,11.0,0.03840988335423527,5.167615792683909,RNA,chromatin,chromatin,3,2,1,split,
CYTIP,-0.1428571428571428,-1.5,0.01896165905449533,3.516171435747928,RNA,RNA,chromatin,3,1,2,split,
DAAM1,0.0,-7.0,0.0744525867050997,17.30332148954942,RNA,RNA,chromatin,3,1,2,split,
DACH1,0.0,,0.04345901249656989,0.9424609322532644,RNA,,chromatin,2,1,1,split,
DFFB,0.2380952380952381,,-0.19213080175675248,11.369027503956653,chromatin,,RNA,2,1,1,split,
DGKG,0.0476190476190476,,-0.14817077525014571,1.0725847068615675,chromatin,,RNA,2,1,1,split,
DIAPH3,0.1666666666666666,-14.0,-0.0010846272126478762,7.140600893531602,chromatin,RNA,RNA,3,1,2,split,
DLC1,0.1428571428571429,0.0,0.030694932130294936,6.679115258848116,chromatin,RNA,chromatin,3,2,1,split,
DLG2,-0.2857142857142857,,0.23898665753441511,,RNA,,chromatin,2,1,1,split,
DNAJC6,0.2619047619047619,0.0,-0.04065172674056043,4.96194755100785,chromatin,RNA,RNA,3,1,2,split,
DOCK1,-0.1428571428571428,2.0,-0.009694341146220503,4.478690923320085,RNA,chromatin,RNA,3,1,2,split,
DPP10,0.2857142857142858,,-0.2880140806634215,,chromatin,,RNA,2,1,1,split,
DTNA,0.1904761904761904,,-0.2311594072742016,,chromatin,,RNA,2,1,1,split,
DUSP1,0.0,4.0,0.05070045397105026,0.6424653952165311,RNA,chromatin,chromatin,3,2,1,split,
EGR1,-0.1428571428571429,-1.0,0.00014015516237611547,7.523502728862011,RNA,RNA,chromatin,3,1,2,split,
EMCN,-0.1904761904761904,23.0,-0.012886924739483593,10.639997475595855,RNA,chromatin,RNA,3,1,2,split,
EML4,-0.1904761904761904,,0.03376960676032837,4.508098956332036,RNA,,chromatin,2,1,1,split,
EPHB1,0.1666666666666666,-8.5,-0.07421018317592841,,chromatin,RNA,RNA,3,1,2,split,
EPSTI1,-0.238095238095238,9.0,0.00043162356074563646,4.635849149995846,RNA,chromatin,chromatin,3,2,1,split,
EREG,-0.1904761904761904,0.0,0.04577024589681851,4.838280372083927,RNA,RNA,chromatin,3,1,2,split,
F13A1,0.0,3.0,0.08742489588787102,2.0735866387708377,RNA,chromatin,chromatin,3,2,1,split,
FAM107B,-0.2142857142857142,-3.0,0.004574189050684241,7.3727052596972,RNA,RNA,chromatin,3,1,2,split,
FBXO33,-0.238095238095238,29.0,-0.10042944322907507,5.706310092767759,RNA,chromatin,RNA,3,1,2,split,
FBXO4,0.0476190476190476,,-0.25501507285969094,11.128115289681878,chromatin,,RNA,2,1,1,split,
FCER1A,0.0,0.0,0.053257876405824384,8.49374814107359,RNA,RNA,chromatin,3,1,2,split,
FCER1G,0.238095238095238,4.0,-0.041161066056017714,2.4840815724797367,chromatin,chromatin,RNA,3,2,1,split,
FCMR,-0.2619047619047619,-2.0,0.032922161474994896,12.819404466014312,RNA,RNA,chromatin,3,1,2,split,
FCRL1,-0.3571428571428571,0.0,0.18278582189403345,,RNA,RNA,chromatin,3,1,2,split,
FERMT2,0.0952380952380951,-17.0,0.016414011285777894,0.8366693360636503,chromatin,RNA,chromatin,3,2,1,split,
FGFR2,0.3333333333333333,30.0,-0.1641117308400924,13.859075921189397,chromatin,chromatin,RNA,3,2,1,split,
FLNA,0.1428571428571429,-2.0,0.07184116337978712,10.33563168485076,chromatin,RNA,chromatin,3,2,1,split,
FNDC3B,0.0238095238095237,-2.0,0.015618989175383763,5.44332079661481,chromatin,RNA,chromatin,3,2,1,split,
FOS,-0.2380952380952381,43.5,0.06262714290423053,0.1323878412448476,RNA,chromatin,chromatin,3,2,1,split,
FOSB,-0.1428571428571429,7.0,0.03647125843548058,6.535473619736612,RNA,chromatin,chromatin,3,2,1,split,
FOXO1,-0.1904761904761904,0.0,0.012334714156989751,0.2578747953850975,RNA,RNA,chromatin,3,1,2,split,
FREM1,0.0,2.0,-0.017365583044603353,0.7713483622797734,RNA,chromatin,RNA,3,1,2,split,
FRMD3,0.0952380952380952,,-0.150784494985332,,chromatin,,RNA,2,1,1,split,
FST,0.0952380952380952,-2.0,0.005994162965667946,,chromatin,RNA,chromatin,3,2,1,split,
FYB1,0.1428571428571428,-2.0,0.03146511539194008,6.41181385813604,chromatin,RNA,chromatin,3,2,1,split,
GALNT18,-0.3333333333333333,3.0,-0.20746993046446852,9.718745846153967,RNA,chromatin,RNA,3,1,2,split,
GAS7,0.0476190476190476,-30.5,-0.07732479028808949,3.579953744023879,chromatin,RNA,RNA,3,1,2,split,
GNG2,-0.0714285714285714,,0.5541693732322281,,RNA,,chromatin,2,1,1,split,
GP1BA,-0.0476190476190475,9.5,0.09521430173730785,,RNA,chromatin,chromatin,3,2,1,split,
GPM6A,0.0952380952380952,,-0.2612297876469955,,chromatin,,RNA,2,1,1,split,
GPR34,0.2380952380952381,-17.0,0.021300700567144407,0.8933847004045874,chromatin,RNA,chromatin,3,2,1,split,
GRAP2,0.0952380952380952,0.0,0.022279022155229616,10.459328865250223,chromatin,RNA,chromatin,3,2,1,split,
H3F3B,-0.1428571428571428,,0.07920137959210011,6.932766813166021,RNA,,chromatin,2,1,1,split,
HDAC9,0.0952380952380952,,-0.08424514694195168,3.525191575124584,chromatin,,RNA,2,1,1,split,
HGF,0.0952380952380952,-7.0,-0.0025239817356331323,6.896922998908347,chromatin,RNA,RNA,3,1,2,split,
HHIP,-0.1904761904761904,3.0,-0.04906197175096354,1.3094178066335043,RNA,chromatin,RNA,3,1,2,split,
HIP1,0.0476190476190476,,-0.1211916209373107,7.531917097553374,chromatin,,RNA,2,1,1,split,
HIST1H2BC,-0.0952380952380953,,0.02368981919058228,7.665897368963335,RNA,,chromatin,2,1,1,split,
HIST1H2BD,-0.238095238095238,,0.021908080830991737,7.3137723930444745,RNA,,chromatin,2,1,1,split,
HIVEP3,0.1666666666666666,,-0.14095292730949527,10.787060920051246,chromatin,,RNA,2,1,1,split,
HLA-DQA1,-0.2857142857142857,0.0,0.027483289045200844,8.320934115274044,RNA,RNA,chromatin,3,1,2,split,
HLF,-0.3095238095238095,-4.0,0.004181044179393523,3.053386367348404,RNA,RNA,chromatin,3,1,2,split,HSC
HPGD,0.238095238095238,-6.5,0.07223806638858617,9.746753498715611,chromatin,RNA,chromatin,3,2,1,split,
HPGDS,0.2380952380952381,-2.0,0.07436051699255933,15.365965796554958,chromatin,RNA,chromatin,3,2,1,split,
ID1,-0.0238095238095238,,0.04668140132711135,12.287638679295526,RNA,,chromatin,2,1,1,split,
ID2,-0.1428571428571428,,0.02948713169974413,15.414148073956248,RNA,,chromatin,2,1,1,split,
ID3,-0.3095238095238095,,0.020247301952120975,,RNA,,chromatin,2,1,1,split,
IER2,-0.1428571428571429,,0.0687910783232681,11.752682801629179,RNA,,chromatin,2,1,1,split,
IFI44L,0.0,1.0,0.02926701483230698,12.796902227158839,RNA,chromatin,chromatin,3,2,1,split,
IGFBP2,0.1904761904761904,-15.0,0.031241250178228562,8.519693326580887,chromatin,RNA,chromatin,3,2,1,split,
IGLL1,0.0,,0.05703701106015782,5.398416755268193,RNA,,chromatin,2,1,1,split,
IL12A-AS1,0.0476190476190476,,-0.35663676076857714,0.2577483209425582,chromatin,,RNA,2,1,1,split,
IL12RB2,0.0476190476190475,-1.0,-0.1108440077328402,0.7128582499286404,chromatin,RNA,RNA,3,1,2,split,
IL17RA,0.2857142857142856,-18.0,0.0718909067761265,9.831016504420209,chromatin,RNA,chromatin,3,2,1,split,
IRF8,0.0,0.0,0.028653140259525076,2.087966542499018,RNA,RNA,chromatin,3,1,2,split,pDC
ITGA6,-0.0952380952380952,16.0,0.0616861242008905,3.0722038664959874,RNA,chromatin,chromatin,3,2,1,split,
ITGA8,0.2380952380952381,0.0,-0.027569036422269905,,chromatin,RNA,RNA,3,1,2,split,
ITGAL,-0.0952380952380952,6.0,0.020664707094265905,5.841470728512472,RNA,chromatin,chromatin,3,2,1,split,
ITGB3,0.0,4.0,0.06725041308264029,12.602916704080545,RNA,chromatin,chromatin,3,2,1,split,
ITGB8,0.0476190476190476,17.0,-0.02089597170072935,0.9620332342510807,chromatin,chromatin,RNA,3,2,1,split,
JAML,0.0476190476190476,0.0,0.04322231936176514,4.63281905724742,chromatin,RNA,chromatin,3,2,1,split,
JAZF1,0.0952380952380952,,-0.16614878296109414,9.980007351032617,chromatin,,RNA,2,1,1,split,
JCHAIN,-0.2142857142857142,18.0,0.11025611455303737,,RNA,chromatin,chromatin,3,2,1,split,
KCNQ5,0.0476190476190476,,-0.07765204498314271,3.761919411847797,chromatin,,RNA,2,1,1,split,
KIAA1328,0.1904761904761904,,-0.29214091253973873,7.017628364535446,chromatin,,RNA,2,1,1,split,
KIT,0.238095238095238,-4.0,0.04273986200523544,1.2875929470739367,chromatin,RNA,chromatin,3,2,1,split,
KLF2,-0.2857142857142857,2.0,0.05626470528171671,4.789820830127226,RNA,chromatin,chromatin,3,2,1,split,
KPNA5,0.0476190476190476,,-0.36933262856055005,7.653875595028143,chromatin,,RNA,2,1,1,split,
KRT1,0.2619047619047619,-7.0,0.136270370385415,,chromatin,RNA,chromatin,3,2,1,split,
KYNU,-0.0476190476190476,11.0,-0.0006326048270439144,18.039266519270555,RNA,chromatin,RNA,3,1,2,split,
LAT,-0.0476190476190476,,0.07741808580906792,2.1976083932700856,RNA,,chromatin,2,1,1,split,
LCN6,-0.1904761904761904,-16.0,0.10208619157574075,,RNA,RNA,chromatin,3,1,2,split,
LDLRAD3,0.2857142857142857,0.0,-0.03730077347033789,0.2007426785314177,chromatin,RNA,RNA,3,1,2,split,
LEF1,-0.3333333333333333,0.0,0.07495583646159364,14.50116348477152,RNA,RNA,chromatin,3,1,2,split,
LGALSL,0.0,15.0,0.05874437760957289,,RNA,chromatin,chromatin,3,2,1,split,
LHFPL6,0.0952380952380952,,-0.48415510478742235,9.38862978733332,chromatin,,RNA,2,1,1,split,
LIF,0.2857142857142857,-4.0,0.02778504515957178,,chromatin,RNA,chromatin,3,2,1,split,
LINC00923,0.2857142857142857,,-0.19865365631013016,7.801575516097213,chromatin,,RNA,2,1,1,split,
LINC00926,-0.1904761904761904,-12.0,0.039933154653490364,8.11631893651061,RNA,RNA,chromatin,3,1,2,split,
LINC01013,-0.1904761904761904,-2.0,0.018995407204589115,,RNA,RNA,chromatin,3,1,2,split,
LINC02160,-0.238095238095238,,0.006794065520591225,9.293705140768159,RNA,,chromatin,2,1,1,split,
LINC02328,-0.1428571428571428,,0.15388871240854923,8.586145220038574,RNA,,chromatin,2,1,1,split,
LINC02384,0.0238095238095238,-19.0,-0.13059342071725946,12.299565868599316,chromatin,RNA,RNA,3,1,2,split,
LMNA,0.1904761904761904,7.0,-0.022041712250026102,6.701293223817809,chromatin,chromatin,RNA,3,2,1,split,
LMO4,0.0,0.0,0.05874503274609476,5.2197982803988765,RNA,RNA,chromatin,3,1,2,split,
LRBA,-0.0952380952380952,23.0,0.012638005695119928,9.720081053185002,RNA,chromatin,chromatin,3,2,1,split,
LRMDA,-0.1428571428571428,,0.11245403930735816,5.432154836221027,RNA,,chromatin,2,1,1,split,
LRP1,0.0,3.5,0.04739409050792684,2.796812547687774,RNA,chromatin,chromatin,3,2,1,split,
LRRK2,0.0,26.0,0.19563371796330287,1.0341671288631709,RNA,chromatin,chromatin,3,2,1,split,
LTBP1,0.1428571428571428,-15.0,0.09087841204557712,14.076356747285665,chromatin,RNA,chromatin,3,2,1,split,
LTC4S,0.0952380952380952,-5.0,0.06710978974696838,6.561356209880497,chromatin,RNA,chromatin,3,2,1,split,
LY86,-0.1428571428571428,4.0,0.06408945288628873,7.663279182166383,RNA,chromatin,chromatin,3,2,1,split,
LYST,0.0952380952380952,-9.0,0.03975651714094154,6.327754725958689,chromatin,RNA,chromatin,3,2,1,split,
MAMDC2,-0.1428571428571429,,0.03101152730921683,0.2834554132007334,RNA,,chromatin,2,1,1,split,
MAN1A1,0.0476190476190475,-1.5,0.029698646058076178,4.045212360894739,chromatin,RNA,chromatin,3,2,1,split,
MARCH1,-0.0476190476190476,,0.04867246388985695,10.600053071330036,RNA,,chromatin,2,1,1,split,
MDK,0.0,,0.026661889509690145,18.83163749050886,RNA,,chromatin,2,1,1,split,
MDM2,-0.0952380952380952,,0.02706096870999096,9.342287766155756,RNA,,chromatin,2,1,1,split,
MECOM,0.0,4.0,-0.034042293220149,3.2213824197981835,RNA,chromatin,RNA,3,1,2,split,
MEST,0.2380952380952381,-4.0,0.049088525387647006,4.255022186182522,chromatin,RNA,chromatin,3,2,1,split,
MICAL2,0.2857142857142857,2.0,-0.06148865522950159,4.010158765458444,chromatin,chromatin,RNA,3,2,1,split,
MIR646HG,0.119047619047619,,-0.276897629877154,,chromatin,,RNA,2,1,1,split,
MIR924HG,0.1190476190476191,,-0.13060300904761427,11.217060271599022,chromatin,,RNA,2,1,1,split,
MKI67,0.2619047619047619,-5.0,0.05264661979777545,7.351325212050605,chromatin,RNA,chromatin,3,2,1,split,
MME,-0.3095238095238095,31.0,0.06429040797488333,4.430607160044728,RNA,chromatin,chromatin,3,2,1,split,
MME-AS1,-0.2857142857142858,10.0,-0.007134391409745103,,RNA,chromatin,RNA,3,1,2,split,
MNDA,0.0476190476190476,-1.0,0.16961825616138215,11.86503689375824,chromatin,RNA,chromatin,3,2,1,split,
MRC1,0.0,-2.0,0.035660481718752024,,RNA,RNA,chromatin,3,1,2,split,
MRVI1,0.0476190476190475,,-0.2518117833273605,,chromatin,,RNA,2,1,1,split,
MS4A6A,0.1428571428571428,,-0.06843776000800451,18.692868337767234,chromatin,,RNA,2,1,1,split,
MSI2,0.0476190476190476,-3.0,0.02037722109579536,3.1782893013973195,chromatin,RNA,chromatin,3,2,1,split,
MT2A,-0.1904761904761904,2.5,0.06035235071484059,,RNA,chromatin,chromatin,3,2,1,split,
MTHFD1L,0.0476190476190476,-4.0,-0.037000974382193685,6.187567167920327,chromatin,RNA,RNA,3,1,2,split,
MTSS1,0.0952380952380953,6.0,-0.007195261820607306,5.212468001159877,chromatin,chromatin,RNA,3,2,1,split,
MYLK,0.1428571428571428,0.0,0.07412047882242051,1.3945919065509722,chromatin,RNA,chromatin,3,2,1,split,
MYO1D,0.0476190476190475,,-0.5560466396827103,10.637098007795936,chromatin,,RNA,2,1,1,split,
MZB1,-0.1428571428571428,-2.0,0.06800552919680182,19.656497209696237,RNA,RNA,chromatin,3,1,2,split,
NAMPT,-0.0714285714285714,-2.0,0.039295186407535924,9.277122661913346,RNA,RNA,chromatin,3,1,2,split,
NEDD9,0.1428571428571428,-10.0,0.004999259232228465,2.9105542796963966,chromatin,RNA,chromatin,3,2,1,split,
NFKBIA,-0.1428571428571429,-5.0,0.035530536706076685,3.2391574997902897,RNA,RNA,chromatin,3,1,2,split,
NFKBIZ,-0.1904761904761904,0.0,0.0485272363093651,3.2976740776777085,RNA,RNA,chromatin,3,1,2,split,
NIBAN3,-0.1904761904761904,0.0,0.04577094271199155,,RNA,RNA,chromatin,3,1,2,split,
NPTX2,-0.3095238095238095,0.0,0.08225773863407959,4.058111421697478,RNA,RNA,chromatin,3,1,2,split,
NRG4,0.2380952380952381,,-0.328084458326698,9.37553749429113,chromatin,,RNA,2,1,1,split,
NRGN,0.0476190476190476,-2.0,0.0649634219667359,2.266263778977875,chromatin,RNA,chromatin,3,2,1,split,
NRIP1,-0.0476190476190476,-37.0,0.04237736419994641,5.100964199264392,RNA,RNA,chromatin,3,1,2,split,
OSBPL3,-0.1428571428571429,23.0,0.05324388177267233,5.693605558029653,RNA,chromatin,chromatin,3,2,1,split,
P2RY14,-0.1904761904761904,,0.010180844882510032,8.702882792832145,RNA,,chromatin,2,1,1,split,
P2RY6,0.0,8.0,-0.038172020551476754,,RNA,chromatin,RNA,3,1,2,split,
PACSIN1,-0.1904761904761904,0.0,0.010582778276657254,5.121008747694708,RNA,RNA,chromatin,3,1,2,split,
PAG1,-0.3571428571428571,-9.0,0.004276218346141947,0.9237408348694975,RNA,RNA,chromatin,3,1,2,split,
PAQR5,0.1904761904761904,-25.0,-0.04182798147329478,1.9182739220530918,chromatin,RNA,RNA,3,1,2,split,
PARD3,0.0,36.5,0.004101464986822401,2.895147108920924,RNA,chromatin,chromatin,3,2,1,split,
PARP8,0.0952380952380952,-3.0,-0.05155616061632039,8.54349688391538,chromatin,RNA,RNA,3,1,2,split,
PAX5,-0.3571428571428571,,0.09306942037333282,,RNA,,chromatin,2,1,1,split,
PBX1,0.3333333333333333,,-0.15211884602258727,3.1691312079519944,chromatin,,RNA,2,1,1,split,
PCBP3,0.0952380952380952,,-0.19717036949223457,1.029085070178529,chromatin,,RNA,2,1,1,split,
PCDH9,-0.0476190476190476,-2.5,0.032570426690525414,6.450115218047787,RNA,RNA,chromatin,3,1,2,split,
PCSK6,0.0952380952380953,6.0,-0.47103566683709414,,chromatin,chromatin,RNA,3,2,1,split,
PDE1C,0.2857142857142857,,-0.1517744788428946,0.20062678721364624,chromatin,,RNA,2,1,1,split,
PDE3A,0.1666666666666666,,-0.019232247182281004,0.5076757469835931,chromatin,,RNA,2,1,1,split,
PDE3B,0.0476190476190476,-3.0,-0.09121703118267976,0.2065469686317769,chromatin,RNA,RNA,3,1,2,split,
PDE4B,-0.0476190476190476,31.0,-0.05134944735749301,9.28082685796066,RNA,chromatin,RNA,3,1,2,split,
PDGFD,0.0476190476190476,27.0,-0.13260058529204427,3.019470279855259,chromatin,chromatin,RNA,3,2,1,split,
PDZD2,-0.1428571428571428,8.0,-0.1373528297627012,7.080012386714941,RNA,chromatin,RNA,3,1,2,split,
PF4,-0.0476190476190475,,0.11902888556621774,,RNA,,chromatin,2,1,1,split,
PGM2L1,0.0476190476190476,15.0,-0.06684592941516597,2.8750932260337123,chromatin,chromatin,RNA,3,2,1,split,
PHLDB2,0.1428571428571428,-4.0,-0.006447615237719001,0.20213547996651204,chromatin,RNA,RNA,3,1,2,split,
PIEZO2,0.0,0.5,-0.12684036351917877,0.2019957275230242,RNA,chromatin,RNA,3,1,2,split,
PKHD1L1,0.0714285714285714,-7.0,0.09976368127198694,,chromatin,RNA,chromatin,3,2,1,split,
PLD1,0.1428571428571428,,-0.1010223386365781,3.9550004375133394,chromatin,,RNA,2,1,1,split,
PLEKHG1,0.2619047619047619,6.0,-0.025450788249466366,10.817177172372263,chromatin,chromatin,RNA,3,2,1,split,
PLIN2,0.0952380952380952,-1.0,0.034899030216019325,3.8281446007317976,chromatin,RNA,chromatin,3,2,1,split,
PLPP1,0.0952380952380952,,-0.08695647136641689,3.4582011060426012,chromatin,,RNA,2,1,1,split,
PLXDC2,0.119047619047619,-2.5,0.02494519305562619,4.6577932462452765,chromatin,RNA,chromatin,3,2,1,split,
PLXNA4,0.2857142857142857,,-0.026024223087133466,0.20399925499813065,chromatin,,RNA,2,1,1,split,
POLQ,0.2380952380952381,0.0,-0.0077588623702994075,0.20062006049808723,chromatin,RNA,RNA,3,1,2,split,
POU2F2,-0.0952380952380951,5.0,0.05878808316221726,5.187967445550291,RNA,chromatin,chromatin,3,2,1,split,
PPIF,0.1190476190476191,-7.5,0.04361305698219578,17.511803042754234,chromatin,RNA,chromatin,3,2,1,split,
PPM1L,-0.1428571428571429,,0.0018365683966883872,6.489381009902202,RNA,,chromatin,2,1,1,split,
PRKAR2B,0.0,-2.0,0.04279371661003907,4.0725861727667585,RNA,RNA,chromatin,3,1,2,split,
PRKCA,0.1428571428571428,,-0.09038830064055907,0.9027477420208179,chromatin,,RNA,2,1,1,split,
PRKCH,0.0,4.0,-0.09193490410075883,8.340219873257826,RNA,chromatin,RNA,3,1,2,split,
PRKG2,0.1428571428571429,4.0,-0.03278578374633137,5.348199346083312,chromatin,chromatin,RNA,3,2,1,split,
PROS1,0.0,0.0,0.026226568801754627,3.35502715891103,RNA,RNA,chromatin,3,1,2,split,
PRR11,0.3809523809523809,,-0.08140905275495403,2.090562806949471,chromatin,,RNA,2,1,1,split,
PRSS2,-0.2857142857142857,,0.14347097362449335,11.731311713452186,RNA,,chromatin,2,1,1,split,
PTK2,0.0,18.5,-0.10582701984259149,5.504617022761401,RNA,chromatin,RNA,3,1,2,split,
PTMA,-0.0476190476190476,-1.0,0.05845583581354612,8.734550711590325,RNA,RNA,chromatin,3,1,2,split,
PTPRE,0.0476190476190476,0.0,0.04541134732284588,6.551781131372083,chromatin,RNA,chromatin,3,2,1,split,
PTPRJ,0.0476190476190476,-4.5,0.0321972625300776,7.269985937442534,chromatin,RNA,chromatin,3,2,1,split,
RAB11FIP1,0.0,32.0,-0.00937621823610034,4.739787486147127,RNA,chromatin,RNA,3,1,2,split,
RAB27B,0.0476190476190475,-10.0,0.024663967116711927,3.061056346137647,chromatin,RNA,chromatin,3,2,1,split,
RAB31,-0.1428571428571428,0.0,0.0013151431863226565,0.8409369978774359,RNA,RNA,chromatin,3,1,2,split,
RALGPS2,-0.2857142857142857,13.0,-0.0008070389736902356,1.2574985585587715,RNA,chromatin,RNA,3,1,2,split,
RAPGEF2,-0.0476190476190476,0.5,0.02002213447735636,5.2047288844780635,RNA,chromatin,chromatin,3,2,1,split,
RAPGEF5,0.0,14.0,-0.03663224527696539,1.0116919590816678,RNA,chromatin,RNA,3,1,2,split,
RASAL2,0.2142857142857142,-7.0,-0.02618058799928802,5.872445101637451,chromatin,RNA,RNA,3,1,2,split,
RASGRP3,0.2380952380952381,-18.0,-0.016280735040532776,0.862854190566333,chromatin,RNA,RNA,3,1,2,split,
RBM47,0.0476190476190476,14.0,-0.02083905254264834,0.8830150513122623,chromatin,chromatin,RNA,3,2,1,split,
RFC3,0.2142857142857142,-10.0,-0.04631525180118361,0.20335747551287575,chromatin,RNA,RNA,3,1,2,split,
RFX8,0.3095238095238095,-2.0,-4.3368467033289004e-05,9.180059260112637,chromatin,RNA,RNA,3,1,2,split,
RGS6,0.0,,0.07310229491220056,1.0232523860987364,RNA,,chromatin,2,1,1,split,
RHOH,-0.119047619047619,30.5,0.0562662359171163,5.006068558345708,RNA,chromatin,chromatin,3,2,1,split,
RNF125,0.0476190476190476,,-0.029971515633029078,4.00244171735179,chromatin,,RNA,2,1,1,split,
RNF150,-0.0952380952380952,6.0,-0.3475006123305113,0.3853121346156074,RNA,chromatin,RNA,3,1,2,split,
RNLS,0.1428571428571428,,-1.2828559070429297,7.262767050682104,chromatin,,RNA,2,1,1,split,
RRM2,0.3333333333333333,-1.0,-0.06642201193924407,3.8793946652144466,chromatin,RNA,RNA,3,1,2,split,
RUBCNL,-0.3333333333333333,5.0,0.009466804473116097,,RNA,chromatin,chromatin,3,2,1,split,
RYR3,0.0476190476190476,-1.0,0.004423339233328369,3.171592586419501,chromatin,RNA,chromatin,3,2,1,split,
SAMHD1,0.0,1.0,0.05058360513799548,1.1656642959429346,RNA,chromatin,chromatin,3,2,1,split,
SCN1A-AS1,-0.2857142857142858,,0.0410292772062677,,RNA,,chromatin,2,1,1,split,
SCN3A,-0.1904761904761904,0.0,0.080953619593052,3.926420914188732,RNA,RNA,chromatin,3,1,2,split,
SCN9A,0.0,2.0,-0.01703472525983643,4.975739023518016,RNA,chromatin,RNA,3,1,2,split,
SDK2,-0.3095238095238095,0.0,0.051206220965612524,2.953677816960277,RNA,RNA,chromatin,3,1,2,split,
SELP,0.0476190476190475,-7.0,0.0706734051832319,6.213791072988335,chromatin,RNA,chromatin,3,2,1,split,
SEMA3C,-0.2857142857142858,24.0,0.028285247465988178,1.04155205552751,RNA,chromatin,chromatin,3,2,1,split,
SERINC5,-0.0476190476190476,,0.04934801675421663,2.3928746515374884,RNA,,chromatin,2,1,1,split,
SETBP1,-0.2380952380952381,0.0,0.0029288302361526602,3.59271077801761,RNA,RNA,chromatin,3,1,2,split,
SGCZ,0.0476190476190476,,-0.006466316434102892,0.42545161866581127,chromatin,,RNA,2,1,1,split,
SGIP1,-0.1428571428571428,5.0,-0.2944788637561426,9.362934491667014,RNA,chromatin,RNA,3,1,2,split,
SH3BP5,0.1428571428571428,0.0,0.07070965339355506,12.541481543170445,chromatin,RNA,chromatin,3,2,1,split,
SH3GL3,0.2142857142857142,,-0.21601162802238724,7.61700501636518,chromatin,,RNA,2,1,1,split,
SIGLEC6,0.2857142857142857,-1.0,0.028646614504829374,6.506996695116902,chromatin,RNA,chromatin,3,2,1,split,
SKAP1,-0.0476190476190476,0.0,0.005327902126723488,0.37864322217593527,RNA,RNA,chromatin,3,1,2,split,
SLC10A7,0.0476190476190476,-3.0,-0.016654230906732306,3.4233340989345384,chromatin,RNA,RNA,3,1,2,split,
SLC14A1,0.2142857142857142,,-0.04629760680398157,0.20132260407413938,chromatin,,RNA,2,1,1,split,
SLC22A15,0.3333333333333333,0.0,-0.021146419071349787,8.323940832384011,chromatin,RNA,RNA,3,1,2,split,
SLC24A3,0.0714285714285714,,-0.04554037915899255,7.578335506644475,chromatin,,RNA,2,1,1,split,
SLC25A48,0.1904761904761904,,-0.28405238212237827,,chromatin,,RNA,2,1,1,split,
SLC2A3,0.1428571428571428,-2.0,0.03687625986529429,3.3369698464134916,chromatin,RNA,chromatin,3,2,1,split,
SLC2A5,-0.1428571428571428,1.0,0.0386667764185118,3.4069215636915677,RNA,chromatin,chromatin,3,2,1,split,
SLC44A1,0.0476190476190476,-3.0,-0.008164291832522208,3.589663282477959,chromatin,RNA,RNA,3,1,2,split,
SLC45A3,0.0952380952380951,-13.5,0.05332345885495232,4.985012653449736,chromatin,RNA,chromatin,3,2,1,split,
SLC8A1,-0.0952380952380952,14.0,0.09622295911584806,1.1103971202467635,RNA,chromatin,chromatin,3,2,1,split,
SLC9A9,0.0,,0.004202883387581291,19.525361244941745,RNA,,chromatin,2,1,1,split,
SLCO5A1,-0.1428571428571429,1.0,-0.21164072806871803,0.2635781200745897,RNA,chromatin,RNA,3,1,2,split,
SLFN5,0.1428571428571428,-17.5,0.034820604032017394,4.2170381533324335,chromatin,RNA,chromatin,3,2,1,split,
SNED1,0.0476190476190476,,-0.12967856810879141,2.5024777793756106,chromatin,,RNA,2,1,1,split,
SPIB,-0.3571428571428571,-19.5,0.04324827928871405,,RNA,RNA,chromatin,3,1,2,split,
SPON1,-0.3333333333333332,0.5,0.04283938102471498,8.635740311803843,RNA,chromatin,chromatin,3,2,1,split,
SPTA1,0.2857142857142857,0.0,0.01676555669512266,6.94784567881263,chromatin,RNA,chromatin,3,2,1,split,
SRGN,0.1428571428571429,-1.0,0.050689157879685746,7.611324369345039,chromatin,RNA,chromatin,3,2,1,split,
STK17B,-0.1904761904761904,5.0,0.048661270346705976,17.10172677596008,RNA,chromatin,chromatin,3,2,1,split,
STK32B,-0.0952380952380952,,0.021264414424223582,3.9722185100014804,RNA,,chromatin,2,1,1,split,
STOX2,0.0952380952380952,-8.0,-0.0290544663387126,2.535310551906555,chromatin,RNA,RNA,3,1,2,split,
STXBP5,0.3333333333333333,0.0,0.09686955640549133,7.5038779008499485,chromatin,RNA,chromatin,3,2,1,split,
SULF2,0.1428571428571428,-13.0,0.021249108606426627,11.97646819667002,chromatin,RNA,chromatin,3,2,1,split,
SVIL,-0.1428571428571429,0.0,0.005104245461985665,4.495826533935386,RNA,RNA,chromatin,3,1,2,split,
SYNE2,-0.238095238095238,1.0,0.021267696056903124,1.315108890193532,RNA,chromatin,chromatin,3,2,1,split,
SYTL3,0.0952380952380952,16.0,-0.024092916665079706,0.22967168052281117,chromatin,chromatin,RNA,3,2,1,split,
TBC1D9,-0.3571428571428571,-0.5,0.018630283659330588,,RNA,RNA,chromatin,3,1,2,split,
TCF4,-0.3333333333333333,15.0,0.07889217113997285,6.7021977427975745,RNA,chromatin,chromatin,3,2,1,split,pDC
TENT5A,0.0952380952380953,,-0.23299394946946037,2.9246147728682197,chromatin,,RNA,2,1,1,split,
TFR2,0.0952380952380952,-1.0,0.01806338600592757,5.093525290047504,chromatin,RNA,chromatin,3,2,1,split,
TGFBI,0.0952380952380952,-18.0,0.08646128715435555,,chromatin,RNA,chromatin,3,2,1,split,
THBS1,0.0,32.0,0.11161317503108983,10.470266899875268,RNA,chromatin,chromatin,3,2,1,split,
THSD7A,-0.1904761904761904,29.5,-0.02615859794339695,3.7430110360786117,RNA,chromatin,RNA,3,1,2,split,
TMEM117,0.0476190476190476,,-0.1896999407809724,7.40910560209883,chromatin,,RNA,2,1,1,split,
TMEM154,0.1428571428571428,-9.0,0.016109699303820744,8.107768467788247,chromatin,RNA,chromatin,3,2,1,split,
TMEM163,0.1428571428571428,-1.0,0.006665887306912366,4.531604891823298,chromatin,RNA,chromatin,3,2,1,split,
TMEM164,0.3333333333333332,,-0.052760263144626895,7.549200845025895,chromatin,,RNA,2,1,1,split,
TMTC2,0.1904761904761904,,-0.1748835026034574,7.282166539468733,chromatin,,RNA,2,1,1,split,
TREML1,0.0952380952380952,0.0,0.06772331698241152,,chromatin,RNA,chromatin,3,2,1,split,
TRERF1,0.0476190476190476,,-0.021974647495962216,4.297034563755638,chromatin,,RNA,2,1,1,split,
TRPC6,0.0952380952380952,-3.0,-0.030878881314252662,3.640894609616854,chromatin,RNA,RNA,3,1,2,split,
TSC22D3,-0.238095238095238,,0.04470997866274676,1.8675188006227765,RNA,,chromatin,2,1,1,split,
TSPAN2,0.0,-1.0,0.017988641352569695,4.430334712666006,RNA,RNA,chromatin,3,1,2,split,
TSPOAP1,-0.1428571428571428,,0.02321911259247196,0.4173106795935153,RNA,,chromatin,2,1,1,split,
TTC27,0.0,0.0,0.01434505865199917,6.43792112328717,RNA,RNA,chromatin,3,1,2,split,
TTC28,0.0476190476190475,,-0.10530145591594164,3.58099821154871,chromatin,,RNA,2,1,1,split,
TTLL7,0.0476190476190476,-16.0,-0.0027655396310422853,6.062753461677872,chromatin,RNA,RNA,3,1,2,split,
TUBB1,0.0952380952380952,0.0,0.11030325789246467,5.0954249865219206,chromatin,RNA,chromatin,3,2,1,split,
UBA6-AS1,0.0476190476190476,,-0.1493747260846039,1.7123736929626219,chromatin,,RNA,2,1,1,split,
UBE2C,0.119047619047619,-4.0,0.05004991781827674,8.947930456014298,chromatin,RNA,chromatin,3,2,1,split,
UBE2E2,0.2857142857142857,,-0.10923449293651503,3.407156671987387,chromatin,,RNA,2,1,1,split,
USP53,0.0,4.0,-0.009326749744585923,6.829341657314462,RNA,chromatin,RNA,3,1,2,split,
UST,0.0476190476190476,,-0.0996969391417532,7.843339208174651,chromatin,,RNA,2,1,1,split,
VAT1,0.1904761904761904,,-0.0021043350314178255,14.443649997742337,chromatin,,RNA,2,1,1,split,
VIM,-0.2142857142857142,,0.07784090270985256,4.783467776772975,RNA,,chromatin,2,1,1,split,
VWA5A,0.1428571428571429,-4.0,0.020337259344381242,18.86767310162901,chromatin,RNA,chromatin,3,2,1,split,
VWF,0.0952380952380953,-15.0,0.06357589746001918,4.281205156669293,chromatin,RNA,chromatin,3,2,1,split,MK
WNT5B,0.1904761904761904,6.0,-0.05906987518267984,0.20156732345044048,chromatin,chromatin,RNA,3,2,1,split,
WSCD2,0.0476190476190476,0.0,-0.10789436318644544,,chromatin,RNA,RNA,3,1,2,split,
XACT,0.3333333333333333,,-0.16393673114642598,,chromatin,,RNA,2,1,1,split,
YPEL5,-0.3095238095238095,-3.0,0.03248503989945501,8.167154548878491,RNA,RNA,chromatin,3,1,2,split,
ZDHHC14,0.1428571428571428,5.0,-0.040230155626490724,4.496878690479182,chromatin,chromatin,RNA,3,2,1,split,
ZFPM2,0.1666666666666666,,-0.3175557457258796,,chromatin,,RNA,2,1,1,split,
ZHX2,-0.1904761904761904,,0.0318169663499306,0.7428912099976366,RNA,,chromatin,2,1,1,split,
ZNF438,0.1428571428571428,,-0.10062527376519034,7.199963768557707,chromatin,,RNA,2,1,1,split,
ZNF704,0.0476190476190476,,-0.0954686318483658,3.5735744807065712,chromatin,,RNA,2,1,1,split,
ABCG1,-0.2857142857142858,0.0,-0.19935109390054911,0.20117931953439605,RNA,RNA,RNA,3,0,3,unanimous_RNA,
ABTB2,-0.3571428571428571,,-0.17339588824886432,7.708524380141927,RNA,,RNA,2,0,2,unanimous_RNA,
AC008105.3,-0.3809523809523809,,-0.22737920233757125,6.505364390289721,RNA,,RNA,2,0,2,unanimous_RNA,
AC009318.1,-0.3095238095238095,,-0.013357240419821156,3.507059037214306,RNA,,RNA,2,0,2,unanimous_RNA,
AC010737.1,-0.2619047619047619,,-0.19534209862938773,,RNA,,RNA,2,0,2,unanimous_RNA,
AC092691.1,-0.2857142857142857,,-0.12720770055513467,,RNA,,RNA,2,0,2,unanimous_RNA,
AC093898.1,-0.1904761904761904,,-0.09844018104477942,,RNA,,RNA,2,0,2,unanimous_RNA,
AC097376.3,0.0,,-0.23988775749590238,0.3604890505962066,RNA,,RNA,2,0,2,unanimous_RNA,
AC244502.1,-0.3333333333333332,,-0.043676911468546076,2.9733768814618164,RNA,,RNA,2,0,2,unanimous_RNA,
ADAMTS6,-0.0952380952380952,,-0.17777419900406527,1.1685127415624288,RNA,,RNA,2,0,2,unanimous_RNA,
ADARB2,-0.3571428571428571,,-0.14274263326898398,,RNA,,RNA,2,0,2,unanimous_RNA,
AL050309.1,-0.3095238095238095,,-0.05469305720281434,8.228084164258687,RNA,,RNA,2,0,2,unanimous_RNA,
AL162493.1,-0.2857142857142857,,-0.026981499999557013,10.312146662369898,RNA,,RNA,2,0,2,unanimous_RNA,
AL513166.1,0.0,,-0.21482589805284474,,RNA,,RNA,2,0,2,unanimous_RNA,
ALK,-0.2857142857142857,,-0.11653866986084613,10.572601577196174,RNA,,RNA,2,0,2,unanimous_RNA,
ANK3,-0.0952380952380952,0.0,-0.17014384051824638,8.481560390569475,RNA,RNA,RNA,3,0,3,unanimous_RNA,
ANKRD28,-0.0952380952380953,,-0.004323364777867544,3.2663025892846345,RNA,,RNA,2,0,2,unanimous_RNA,
ANO5,-0.0476190476190476,,-0.201409693663418,11.228500769754774,RNA,,RNA,2,0,2,unanimous_RNA,
AREG,-0.3095238095238095,0.0,-0.042466954190006415,10.435876179276335,RNA,RNA,RNA,3,0,3,unanimous_RNA,
ARL15,-0.0476190476190476,,-0.07660577812877216,2.9640508918701935,RNA,,RNA,2,0,2,unanimous_RNA,
BMERB1,-0.2380952380952381,,-0.5222443515487456,0.20677891326685005,RNA,,RNA,2,0,2,unanimous_RNA,
BPI,-0.0476190476190476,-9.0,-0.019292673517587206,,RNA,RNA,RNA,3,0,3,unanimous_RNA,
C5orf56,-0.1904761904761904,,-0.12623665213527346,7.711071289558216,RNA,,RNA,2,0,2,unanimous_RNA,
CACNA1C,0.0,,-0.3046851549580313,9.828311738771314,RNA,,RNA,2,0,2,unanimous_RNA,
CADM2,-0.1666666666666666,,-1.0888401721130347,,RNA,,RNA,2,0,2,unanimous_RNA,
CALCRL,-0.0952380952380952,-4.0,-0.023746212760924076,0.20006207620341776,RNA,RNA,RNA,3,0,3,unanimous_RNA,
CALN1,-0.3809523809523809,,-0.012037263124494338,3.1640178912588457,RNA,,RNA,2,0,2,unanimous_RNA,
CAPS2,-0.238095238095238,,-0.10752219509362176,4.130326291545755,RNA,,RNA,2,0,2,unanimous_RNA,
CARD11,-0.3333333333333333,0.0,-0.011223780406951003,3.1019090422782947,RNA,RNA,RNA,3,0,3,unanimous_RNA,
CASC15,-0.1904761904761904,,-0.02449927681275449,4.926951864651848,RNA,,RNA,2,0,2,unanimous_RNA,
CASK,-0.0952380952380952,,-0.22067425592559486,3.374263055703932,RNA,,RNA,2,0,2,unanimous_RNA,
CCSER1,-0.0952380952380952,,-0.07567653652281914,2.5365092213364218,RNA,,RNA,2,0,2,unanimous_RNA,
CD36,0.0,-2.0,-0.013243368729438085,8.46683056957107,RNA,RNA,RNA,3,0,3,unanimous_RNA,
CDH9,-0.1904761904761904,,-0.1327377497100666,15.340092707612264,RNA,,RNA,2,0,2,unanimous_RNA,
CDR2,-0.0476190476190476,,-0.2236377734374962,5.643936757883603,RNA,,RNA,2,0,2,unanimous_RNA,
CLEC12A,-0.0238095238095238,,-0.01180023395612044,0.34016130497995434,RNA,,RNA,2,0,2,unanimous_RNA,
CNTNAP2,-0.0476190476190476,,-0.03404836069598163,3.2435490231744453,RNA,,RNA,2,0,2,unanimous_RNA,
COX19,-0.1428571428571428,,-0.32002946880627947,10.298219427057123,RNA,,RNA,2,0,2,unanimous_RNA,
CREB5,-0.0476190476190476,,-0.12788437815356773,7.775791128396175,RNA,,RNA,2,0,2,unanimous_RNA,
CRIM1,0.0,-2.0,-0.03870080040795931,4.124228077021222,RNA,RNA,RNA,3,0,3,unanimous_RNA,
CRY1,-0.238095238095238,,-0.35130790632991804,9.88285546695312,RNA,,RNA,2,0,2,unanimous_RNA,
DHRS9,-0.0238095238095237,-4.0,-0.026907159937948358,9.029719233847608,RNA,RNA,RNA,3,0,3,unanimous_RNA,
DIRC3,0.0,,-0.3252033840094777,1.1422925020170205,RNA,,RNA,2,0,2,unanimous_RNA,
DLGAP2,-0.3095238095238095,-1.0,-0.2105981633006205,0.2167464962935568,RNA,RNA,RNA,3,0,3,unanimous_RNA,
DOCK3,-0.0476190476190475,,-0.1317112936163226,0.24793078857148965,RNA,,RNA,2,0,2,unanimous_RNA,
DPH6,-0.0952380952380952,,-0.1358260976248623,6.764697747792441,RNA,,RNA,2,0,2,unanimous_RNA,
DPYSL3,-0.1428571428571428,-3.0,-0.027545894501324497,2.179116946751945,RNA,RNA,RNA,3,0,3,unanimous_RNA,
EIF2AK3,0.0,,-0.04839760738078647,10.262878778899088,RNA,,RNA,2,0,2,unanimous_RNA,
ELL2,-0.1904761904761904,,-0.08097039241725,2.636430580040724,RNA,,RNA,2,0,2,unanimous_RNA,
ERN1,-0.1428571428571429,-0.5,-0.0718908825262883,1.2656826437515827,RNA,RNA,RNA,3,0,3,unanimous_RNA,
ESR1,0.0,,-0.25832450429155557,9.18724309108241,RNA,,RNA,2,0,2,unanimous_RNA,
EXOC6B,-0.1904761904761904,,-0.1107166984259596,3.8166522415181445,RNA,,RNA,2,0,2,unanimous_RNA,
EXT1,-0.0714285714285714,,-0.009807443964975598,6.0726643119810415,RNA,,RNA,2,0,2,unanimous_RNA,
FAM49A,-0.0952380952380952,,-0.006291422952902068,18.106991353430107,RNA,,RNA,2,0,2,unanimous_RNA,
FAR2,0.0,,-0.24895352947108962,4.686446666765443,RNA,,RNA,2,0,2,unanimous_RNA,
FGF13,0.0,,-0.0056561470475971765,9.58372637964279,RNA,,RNA,2,0,2,unanimous_RNA,
GAB1,-0.3333333333333333,,-0.01603113251960679,11.220707914112698,RNA,,RNA,2,0,2,unanimous_RNA,
GCH1,0.0,,-0.08294679324091381,9.336686054514267,RNA,,RNA,2,0,2,unanimous_RNA,
GCNT2,0.0,,-0.22490168102518382,6.409174741315953,RNA,,RNA,2,0,2,unanimous_RNA,
GPC5,-0.0952380952380952,,-0.28779860540284824,8.370321868879904,RNA,,RNA,2,0,2,unanimous_RNA,
GPC6,-0.2380952380952381,,-0.12372257001097037,10.18839243861078,RNA,,RNA,2,0,2,unanimous_RNA,
HIST1H2BJ,-0.3095238095238095,,-0.0021324850448925653,5.016159160830394,RNA,,RNA,2,0,2,unanimous_RNA,
HLCS,0.0,,-0.3361656943945708,7.00860163269313,RNA,,RNA,2,0,2,unanimous_RNA,
IGFBP4,-0.1428571428571428,,-0.00730290209032404,,RNA,,RNA,2,0,2,unanimous_RNA,
IKZF2,-0.3333333333333333,,-0.004583637841096971,11.174215090570225,RNA,,RNA,2,0,2,unanimous_RNA,
IL5RA,-0.0952380952380953,-2.0,-0.17959706170587408,,RNA,RNA,RNA,3,0,3,unanimous_RNA,
IL7,-0.0476190476190475,,-0.4110259389973598,10.380260294582536,RNA,,RNA,2,0,2,unanimous_RNA,
ITGAM,-0.0476190476190476,-8.0,-0.025560197833652556,3.2285678896957686,RNA,RNA,RNA,3,0,3,unanimous_RNA,
KCNQ1,-0.1428571428571428,,-0.012479111790705932,3.922008267606445,RNA,,RNA,2,0,2,unanimous_RNA,
KHDRBS2,-0.2857142857142857,,-0.13627834833374267,7.83558913664117,RNA,,RNA,2,0,2,unanimous_RNA,
KIAA0825,-0.1428571428571428,,-0.29042106493001335,5.433468987211878,RNA,,RNA,2,0,2,unanimous_RNA,
KLF3-AS1,-0.3333333333333333,,-0.5236602499148111,7.408804850585744,RNA,,RNA,2,0,2,unanimous_RNA,
KLF6,-0.1904761904761904,0.0,-0.06804121485323777,8.170691286077632,RNA,RNA,RNA,3,0,3,unanimous_RNA,
LIMCH1,-0.119047619047619,0.0,-0.021657606616447708,10.730717636564929,RNA,RNA,RNA,3,0,3,unanimous_RNA,
LINC00910,0.0,,-0.1718956074184368,7.933833227989405,RNA,,RNA,2,0,2,unanimous_RNA,
LINC01122,0.0,,-0.08148418817682204,6.9186860160717,RNA,,RNA,2,0,2,unanimous_RNA,
LINC01725,-0.1904761904761904,,-0.3385797902916794,8.21687862296659,RNA,,RNA,2,0,2,unanimous_RNA,
LINC01934,0.0,,-0.04569474701353066,,RNA,,RNA,2,0,2,unanimous_RNA,
LINC02284,0.0,,-0.14082942546370728,,RNA,,RNA,2,0,2,unanimous_RNA,
LNCAROD,-0.0714285714285714,,-0.05701933962054136,8.982928994620925,RNA,,RNA,2,0,2,unanimous_RNA,
LRIG1,-0.1428571428571428,-5.0,-0.011928497897402315,0.46471891482087013,RNA,RNA,RNA,3,0,3,unanimous_RNA,
MACROD2,-0.3571428571428571,,-0.8834119930079773,,RNA,,RNA,2,0,2,unanimous_RNA,
MAGI2,-0.2857142857142856,,-0.260809421511803,8.807810146963579,RNA,,RNA,2,0,2,unanimous_RNA,
MAMDC2-AS1,-0.0952380952380952,,-0.09043183477073047,11.07546277894565,RNA,,RNA,2,0,2,unanimous_RNA,
MAML2,-0.1904761904761904,-2.0,-0.04675186728162126,10.16161702809966,RNA,RNA,RNA,3,0,3,unanimous_RNA,
MDGA2,-0.2857142857142857,,-0.09033469814446343,1.4137454326664491,RNA,,RNA,2,0,2,unanimous_RNA,
MDP1,-0.1428571428571428,,-0.1089501807775658,20.042554437696413,RNA,,RNA,2,0,2,unanimous_RNA,
MEIS1,-0.0476190476190476,,-0.00940959791694937,3.7568443773062565,RNA,,RNA,2,0,2,unanimous_RNA,HSC
MEIS2,-0.1428571428571428,0.0,-0.18285824788107014,9.784195672147304,RNA,RNA,RNA,3,0,3,unanimous_RNA,
MIR3681HG,-0.0714285714285714,,-0.1769694424585394,,RNA,,RNA,2,0,2,unanimous_RNA,
MITF,0.0,0.0,-0.052222348069729974,1.6628374256539478,RNA,RNA,RNA,3,0,3,unanimous_RNA,
MLF1,-0.3333333333333333,-3.0,-0.3294771439270615,7.775740958392545,RNA,RNA,RNA,3,0,3,unanimous_RNA,
MPPED2,-0.2857142857142857,,-0.2084205835513603,8.614020611744218,RNA,,RNA,2,0,2,unanimous_RNA,
MS4A4E,-0.1428571428571429,-4.0,-0.0029418852098812703,0.8762749983824998,RNA,RNA,RNA,3,0,3,unanimous_RNA,
NCALD,-0.0476190476190476,,-0.1562072579153428,15.31600477356811,RNA,,RNA,2,0,2,unanimous_RNA,
NEGR1,-0.238095238095238,,-0.014582893808073108,5.981823570764149,RNA,,RNA,2,0,2,unanimous_RNA,
NHSL1,0.0,,-0.32543864861314764,9.722208597388915,RNA,,RNA,2,0,2,unanimous_RNA,
NKAIN2,-0.1428571428571429,,-0.18951315003734653,0.25944938107011506,RNA,,RNA,2,0,2,unanimous_RNA,
NLGN1,-0.238095238095238,,-0.4137483527001865,7.454955507149661,RNA,,RNA,2,0,2,unanimous_RNA,
NLRP1,-0.1666666666666666,,-0.14469014080916048,8.858121967538736,RNA,,RNA,2,0,2,unanimous_RNA,
NR3C2,-0.0476190476190476,,-0.4063749720786032,1.4958948425345977,RNA,,RNA,2,0,2,unanimous_RNA,
OSBPL6,-0.0476190476190476,,-0.3219645046406433,11.53494729736273,RNA,,RNA,2,0,2,unanimous_RNA,
PACRG,-0.0952380952380951,,-0.6852222399227205,8.30017601365085,RNA,,RNA,2,0,2,unanimous_RNA,
PALLD,-0.1428571428571428,-1.0,-0.06021703572934141,11.596007511530843,RNA,RNA,RNA,3,0,3,unanimous_RNA,
PARD3B,0.0,,-0.4080165608601143,8.369428844358163,RNA,,RNA,2,0,2,unanimous_RNA,
PATJ,0.0,,-0.4198137507501163,8.76508831418774,RNA,,RNA,2,0,2,unanimous_RNA,
PCED1B,-0.0476190476190476,,-0.21946703441259185,8.787417650326633,RNA,,RNA,2,0,2,unanimous_RNA,
PCLO,-0.0952380952380952,,-0.3849550037815316,12.812615955582487,RNA,,RNA,2,0,2,unanimous_RNA,
PDE1A,-0.1428571428571428,,-0.30882520432252913,,RNA,,RNA,2,0,2,unanimous_RNA,
PDE7B,-0.1904761904761904,,-0.2450073291649421,9.130940912943272,RNA,,RNA,2,0,2,unanimous_RNA,
PDZRN4,-0.1666666666666666,,-0.37195850518108403,8.134810215832132,RNA,,RNA,2,0,2,unanimous_RNA,
PELI1,-0.1428571428571428,,-0.0922914867254459,5.965447382442305,RNA,,RNA,2,0,2,unanimous_RNA,
PJVK,-0.0476190476190476,,-0.5486439127273672,8.513636019554811,RNA,,RNA,2,0,2,unanimous_RNA,
PLCL1,-0.0476190476190476,,-0.0726770952572247,11.32807432738774,RNA,,RNA,2,0,2,unanimous_RNA,
PPP1R16B,-0.0952380952380952,,-0.19981059790387484,9.002513837603711,RNA,,RNA,2,0,2,unanimous_RNA,
PPP1R9A,-0.2380952380952381,,-0.3335059329312351,8.931013843881923,RNA,,RNA,2,0,2,unanimous_RNA,
PPP2R2B,-0.238095238095238,,-0.2075249961093463,8.967915213931503,RNA,,RNA,2,0,2,unanimous_RNA,
PRKG1,0.0,,-0.031665738098945906,8.596869487319099,RNA,,RNA,2,0,2,unanimous_RNA,
PRKN,-0.1904761904761904,,-0.09508153120964502,5.394570896554571,RNA,,RNA,2,0,2,unanimous_RNA,
PRR16,-0.1904761904761904,,-0.35608389025469656,7.444185102917345,RNA,,RNA,2,0,2,unanimous_RNA,
PSD3,-0.1428571428571428,,-0.09889757076683073,2.4073243807449995,RNA,,RNA,2,0,2,unanimous_RNA,
PTGER3,0.0,-4.0,-0.17845066788556238,,RNA,RNA,RNA,3,0,3,unanimous_RNA,
PTPRD,-0.3333333333333332,,-0.21679068522217687,3.0058355970657358,RNA,,RNA,2,0,2,unanimous_RNA,
PTPRM,-0.0238095238095238,,-0.210275175940984,3.1185365603695314,RNA,,RNA,2,0,2,unanimous_RNA,
RANBP17,0.0,,-0.3121699510719542,7.204855441517147,RNA,,RNA,2,0,2,unanimous_RNA,
RASSF6,-0.0952380952380953,-2.0,-0.01694388865782137,14.059667863113482,RNA,RNA,RNA,3,0,3,unanimous_RNA,
RASSF8,-0.1904761904761904,,-0.5612334118698237,1.0349035124088037,RNA,,RNA,2,0,2,unanimous_RNA,
RBPMS,-0.1904761904761904,0.0,-0.052778227295872934,0.20115390492418306,RNA,RNA,RNA,3,0,3,unanimous_RNA,
RCAN3,-0.0952380952380952,,-0.2695206795634262,9.779685883476626,RNA,,RNA,2,0,2,unanimous_RNA,
RFX2,-0.2857142857142856,,-0.08299485028411373,2.9496438274173036,RNA,,RNA,2,0,2,unanimous_RNA,
RIN2,0.0,,-0.08834753493504582,9.473598676999634,RNA,,RNA,2,0,2,unanimous_RNA,
RORA,0.0,,-0.15686667589465694,18.56810400701737,RNA,,RNA,2,0,2,unanimous_RNA,
RPS6KA2,-0.1666666666666666,,-0.1368938561731845,3.5506606356254986,RNA,,RNA,2,0,2,unanimous_RNA,
RUNX1T1,-0.3333333333333333,,-0.10973533186524392,,RNA,,RNA,2,0,2,unanimous_RNA,
RUNX2,-0.0238095238095237,,-0.014641555113935029,4.044068875658418,RNA,,RNA,2,0,2,unanimous_RNA,
S100Z,-0.2857142857142857,0.0,-0.03312329594201224,0.2000051378519221,RNA,RNA,RNA,3,0,3,unanimous_RNA,
SAMD12,-0.238095238095238,,-0.37079238535058917,9.230282078647473,RNA,,RNA,2,0,2,unanimous_RNA,
SAMD4A,-0.1904761904761904,,-0.450923664169788,1.440713592104856,RNA,,RNA,2,0,2,unanimous_RNA,
SERPINE1,0.0,,-0.05417825757952591,9.548757331047922,RNA,,RNA,2,0,2,unanimous_RNA,
SFMBT2,0.0,,-0.040988795003865486,5.077208563239283,RNA,,RNA,2,0,2,unanimous_RNA,
SGSM3,-0.1428571428571428,,-0.01956731723936435,12.55107872723958,RNA,,RNA,2,0,2,unanimous_RNA,
SLC35D1,-0.0952380952380952,,-0.017497038457016334,13.186301139631023,RNA,,RNA,2,0,2,unanimous_RNA,
SLC4A4,-0.3333333333333333,,-0.23045971288173467,11.12053652140681,RNA,,RNA,2,0,2,unanimous_RNA,
SLC8A1-AS1,-0.2380952380952381,,-0.13296517746063985,,RNA,,RNA,2,0,2,unanimous_RNA,
SPOCK3,-0.3809523809523809,,-0.1748803602942528,9.2412606855083,RNA,,RNA,2,0,2,unanimous_RNA,
SPON2,0.0,,-0.054241378230875895,18.926012005801628,RNA,,RNA,2,0,2,unanimous_RNA,
STARD9,-0.0952380952380953,-5.0,-0.08524058128156685,0.8588382865699011,RNA,RNA,RNA,3,0,3,unanimous_RNA,
STAT4,0.0,,-0.29877169625562805,13.824670315011746,RNA,,RNA,2,0,2,unanimous_RNA,
SYT1,-0.3333333333333333,,-0.1545176220679178,9.682778791352028,RNA,,RNA,2,0,2,unanimous_RNA,
TBC1D31,0.0,,-0.13226074284019118,9.631457445232906,RNA,,RNA,2,0,2,unanimous_RNA,
THRB,-0.0476190476190476,0.0,-0.1662271042579752,2.8663850054406117,RNA,RNA,RNA,3,0,3,unanimous_RNA,
TIAM1,-0.0476190476190476,0.0,-0.09309932961532376,1.5337162897998944,RNA,RNA,RNA,3,0,3,unanimous_RNA,
TLE1,-0.2142857142857143,-3.0,-0.0020978844584415707,1.783926565882222,RNA,RNA,RNA,3,0,3,unanimous_RNA,
TMCC1,-0.1904761904761904,,-0.11300418446647531,7.217018937414773,RNA,,RNA,2,0,2,unanimous_RNA,
TNFRSF10D,-0.0476190476190476,,-0.19861743226536466,10.915237013927927,RNA,,RNA,2,0,2,unanimous_RNA,
TPK1,-0.1904761904761904,,-0.257957943511395,5.467663756627003,RNA,,RNA,2,0,2,unanimous_RNA,
TTC29,-0.1904761904761904,,-0.42923314628827786,,RNA,,RNA,2,0,2,unanimous_RNA,
TTTY10,-0.1666666666666666,,-0.18002924639913384,9.260142861685013,RNA,,RNA,2,0,2,unanimous_RNA,
UNC5C,-0.1666666666666666,,-0.6116568860156013,,RNA,,RNA,2,0,2,unanimous_RNA,
UTP6,-0.0952380952380953,,-0.0909030908370494,20.033789667433254,RNA,,RNA,2,0,2,unanimous_RNA,
WDR49,-0.1904761904761904,,-0.009091426220294116,12.515298991848748,RNA,,RNA,2,0,2,unanimous_RNA,
WWOX,0.0,,-0.05957494204737404,3.732876325305778,RNA,,RNA,2,0,2,unanimous_RNA,
XIRP2,0.0,,-0.2653422358629585,9.559444817967178,RNA,,RNA,2,0,2,unanimous_RNA,
ZNF804B,-0.0476190476190475,,-0.13219048855987653,,RNA,,RNA,2,0,2,unanimous_RNA,
ABCA13,0.0476190476190476,11.0,0.0029861546357639324,0.2055276469578542,chromatin,chromatin,chromatin,3,3,0,unanimous_chromatin,
ABHD15-AS1,0.0476190476190476,,0.2846592206606464,,chromatin,,chromatin,2,2,0,unanimous_chromatin,
AC007319.1,0.0952380952380952,,10.26232984836345,,chromatin,,chromatin,2,2,0,unanimous_chromatin,
AC008568.1,0.0476190476190476,,0.11538599437844604,7.618969593943655,chromatin,,chromatin,2,2,0,unanimous_chromatin,
AC068413.1,0.0238095238095238,,0.21883663951529575,,chromatin,,chromatin,2,2,0,unanimous_chromatin,
AC113414.1,0.0476190476190476,,0.01817816836501357,,chromatin,,chromatin,2,2,0,unanimous_chromatin,
ACSM1,0.0952380952380952,,0.006780245497807452,10.774049355385518,chromatin,,chromatin,2,2,0,unanimous_chromatin,
ACSM3,0.1428571428571429,,0.031077606563400195,13.769068988911823,chromatin,,chromatin,2,2,0,unanimous_chromatin,
ALOX5,0.0238095238095238,2.0,0.037863082801601854,0.7061599192608945,chromatin,chromatin,chromatin,3,3,0,unanimous_chromatin,
ANK1,0.3333333333333332,10.0,0.016114359524013126,4.873051576572115,chromatin,chromatin,chromatin,3,3,0,unanimous_chromatin,
AOAH,0.1428571428571428,1.0,0.03385461012999213,5.136277824912184,chromatin,chromatin,chromatin,3,3,0,unanimous_chromatin,
APOC1,0.0476190476190475,5.0,0.05187089584834061,,chromatin,chromatin,chromatin,3,3,0,unanimous_chromatin,
APOLD1,0.2857142857142857,4.5,0.00862297593260486,6.897379187638321,chromatin,chromatin,chromatin,3,3,0,unanimous_chromatin,
ARID5B,0.1904761904761904,9.0,0.009449809608899656,7.763137476794167,chromatin,chromatin,chromatin,3,3,0,unanimous_chromatin,
AZU1,0.3809523809523809,,0.06565592358173628,7.243942140531005,chromatin,,chromatin,2,2,0,unanimous_chromatin,myeloid
BANK1,0.0476190476190476,11.0,0.048159998656875216,5.96745894671412,chromatin,chromatin,chromatin,3,3,0,unanimous_chromatin,
CCNB1,0.0952380952380952,1.0,0.023148091767066246,7.163283696369934,chromatin,chromatin,chromatin,3,3,0,unanimous_chromatin,
CD226,0.0952380952380952,4.0,0.003386193953374833,,chromatin,chromatin,chromatin,3,3,0,unanimous_chromatin,
CFD,0.2857142857142856,,0.0509447621335763,,chromatin,,chromatin,2,2,0,unanimous_chromatin,
CLC,0.1904761904761904,12.0,0.06086132449502105,12.280485746029846,chromatin,chromatin,chromatin,3,3,0,unanimous_chromatin,
CST3,0.0952380952380952,,0.02919615935658338,2.837340854559792,chromatin,,chromatin,2,2,0,unanimous_chromatin,
CTSG,0.3095238095238095,,0.0835562348862933,,chromatin,,chromatin,2,2,0,unanimous_chromatin,
CTSH,0.0238095238095238,,0.08571253457930555,12.510316931200602,chromatin,,chromatin,2,2,0,unanimous_chromatin,
DANT2,0.0952380952380952,,1.4883734669713862,,chromatin,,chromatin,2,2,0,unanimous_chromatin,
DISC1FP1,0.0714285714285714,,0.16139827707640897,9.640074075188776,chromatin,,chromatin,2,2,0,unanimous_chromatin,
DNM3,0.0952380952380952,,0.00478122268767793,0.6731604118127166,chromatin,,chromatin,2,2,0,unanimous_chromatin,
ELANE,0.1904761904761904,,0.05100274747277238,12.055264129184692,chromatin,,chromatin,2,2,0,unanimous_chromatin,myeloid
ENPP3,0.1904761904761904,18.0,0.06361879682179958,6.458778768327367,chromatin,chromatin,chromatin,3,3,0,unanimous_chromatin,
FAM171A1,0.238095238095238,17.0,0.004800124042287246,3.3464221795700273,chromatin,chromatin,chromatin,3,3,0,unanimous_chromatin,
FGL2,0.1428571428571428,,0.12361738721132022,,chromatin,,chromatin,2,2,0,unanimous_chromatin,
GAB2,0.0476190476190476,,0.0030715998828382274,3.5464836121109493,chromatin,,chromatin,2,2,0,unanimous_chromatin,
GAPDH,0.3333333333333332,,0.12935137786073125,7.016174960596654,chromatin,,chromatin,2,2,0,unanimous_chromatin,
GATA2,0.0476190476190476,3.0,0.06582431693099722,7.020388392336463,chromatin,chromatin,chromatin,3,3,0,unanimous_chromatin,prog
GMPR,0.0952380952380952,,0.02752598870301464,5.87383147908512,chromatin,,chromatin,2,2,0,unanimous_chromatin,
GP9,0.1190476190476191,,0.056258267498789025,,chromatin,,chromatin,2,2,0,unanimous_chromatin,
HBD,0.3571428571428571,,0.04529054596686882,7.777502913478897,chromatin,,chromatin,2,2,0,unanimous_chromatin,
HES1,0.1428571428571428,17.0,0.03244870820838372,,chromatin,chromatin,chromatin,3,3,0,unanimous_chromatin,
HIST1H2AC,0.0476190476190476,,0.04246580664701185,8.203530890271077,chromatin,,chromatin,2,2,0,unanimous_chromatin,
HMMR,0.1904761904761904,1.0,0.041902462056687795,5.2852894125216014,chromatin,chromatin,chromatin,3,3,0,unanimous_chromatin,
IL18R1,0.2380952380952381,,0.034200426098578096,0.2263198826841064,chromatin,,chromatin,2,2,0,unanimous_chromatin,
IL1RL1,0.0952380952380952,,0.011439055519275168,,chromatin,,chromatin,2,2,0,unanimous_chromatin,
INPP4B,0.1904761904761904,,0.014823546003680424,5.863984771360574,chromatin,,chromatin,2,2,0,unanimous_chromatin,
ITGA2B,0.0952380952380952,19.0,0.06664417381501277,4.4867113255162305,chromatin,chromatin,chromatin,3,3,0,unanimous_chromatin,MK
KALRN,0.1428571428571428,36.0,0.02571335727447009,10.390610156211963,chromatin,chromatin,chromatin,3,3,0,unanimous_chromatin,
LINC01515,0.1904761904761904,,0.31542374178232774,,chromatin,,chromatin,2,2,0,unanimous_chromatin,
LYZ,0.0476190476190476,,0.07571474487336455,14.095587429729234,chromatin,,chromatin,2,2,0,unanimous_chromatin,myeloid
MED12L,0.2380952380952381,5.0,0.017656967810675876,3.7081870626550506,chromatin,chromatin,chromatin,3,3,0,unanimous_chromatin,
MIR99AHG,0.0952380952380953,,0.003154069705201157,5.626337163999441,chromatin,,chromatin,2,2,0,unanimous_chromatin,
MMRN1,0.0476190476190476,3.0,0.07101299576100721,5.076478519991828,chromatin,chromatin,chromatin,3,3,0,unanimous_chromatin,
MPO,0.0952380952380952,,0.05783388346823891,7.8831834919837185,chromatin,,chromatin,2,2,0,unanimous_chromatin,myeloid
MPP7,0.0476190476190476,16.0,0.07833758056334761,19.206173897733457,chromatin,chromatin,chromatin,3,3,0,unanimous_chromatin,
NDFIP2,0.3333333333333332,2.0,0.03193698186347191,2.619754766404256,chromatin,chromatin,chromatin,3,3,0,unanimous_chromatin,
NEAT1,0.0476190476190476,,0.08726823962973822,1.2407916321291967,chromatin,,chromatin,2,2,0,unanimous_chromatin,
P4HB,0.2380952380952381,2.0,0.07346462175795827,3.095953106849848,chromatin,chromatin,chromatin,3,3,0,unanimous_chromatin,
PALM2-AKAP2,0.0714285714285714,,0.04308847448023848,6.975260299793355,chromatin,,chromatin,2,2,0,unanimous_chromatin,
PDE4D,0.0476190476190476,,0.060825059912536686,13.542141324370489,chromatin,,chromatin,2,2,0,unanimous_chromatin,
PLEK,0.0476190476190475,,0.09266156906734237,1.9764463542831583,chromatin,,chromatin,2,2,0,unanimous_chromatin,
PLPPR3,0.3571428571428571,,0.03637975422449119,3.2860607526945897,chromatin,,chromatin,2,2,0,unanimous_chromatin,
PPBP,0.0952380952380952,,0.22250812536808762,,chromatin,,chromatin,2,2,0,unanimous_chromatin,
PREX2,0.0238095238095238,3.0,0.0027163775182579564,0.2127407519484228,chromatin,chromatin,chromatin,3,3,0,unanimous_chromatin,
PRTN3,0.3809523809523809,,0.05760685710500529,3.4738387961734922,chromatin,,chromatin,2,2,0,unanimous_chromatin,
PTH2R,0.0238095238095237,,0.005530519996056693,,chromatin,,chromatin,2,2,0,unanimous_chromatin,
RNASE2,0.2857142857142857,,0.01950583517387504,,chromatin,,chromatin,2,2,0,unanimous_chromatin,
S100A9,,23.5,0.08248661740860576,,,chromatin,chromatin,2,2,0,unanimous_chromatin,myeloid
SIPA1L1,0.0952380952380952,,0.026823808235453425,20.092999578480434,chromatin,,chromatin,2,2,0,unanimous_chromatin,
SLAMF7,0.0952380952380951,5.0,0.052776720857856424,,chromatin,chromatin,chromatin,3,3,0,unanimous_chromatin,
SLC18A2,0.2380952380952381,20.0,0.05062425865711723,19.455054128997393,chromatin,chromatin,chromatin,3,3,0,unanimous_chromatin,
SLC40A1,0.0476190476190476,2.0,0.04046993386470632,7.163258942567769,chromatin,chromatin,chromatin,3,3,0,unanimous_chromatin,
SLC8A3,0.0476190476190476,10.0,0.009912807088344272,4.61645445603336,chromatin,chromatin,chromatin,3,3,0,unanimous_chromatin,
SOS1,0.2142857142857142,2.0,0.030141077664817065,6.438299944453078,chromatin,chromatin,chromatin,3,3,0,unanimous_chromatin,
STXBP6,0.0952380952380952,2.0,0.042538776966568895,1.3450587158804805,chromatin,chromatin,chromatin,3,3,0,unanimous_chromatin,
SYNE1,0.0476190476190476,,0.022724624291008966,8.114756970085292,chromatin,,chromatin,2,2,0,unanimous_chromatin,
TAFA2,0.0952380952380952,,0.020078904842622106,6.8207303871595535,chromatin,,chromatin,2,2,0,unanimous_chromatin,
TFRC,0.2857142857142857,,0.12701950045249344,8.461246466080585,chromatin,,chromatin,2,2,0,unanimous_chromatin,ery
TIMP3,0.1428571428571429,18.0,0.01112756721847813,4.091097214338431,chromatin,chromatin,chromatin,3,3,0,unanimous_chromatin,
TMEM40,,15.0,0.11932643726940109,,,chromatin,chromatin,2,2,0,unanimous_chromatin,
TOP2A,0.119047619047619,16.0,0.051836222042274366,7.92885986373996,chromatin,chromatin,chromatin,3,3,0,unanimous_chromatin,
TPSAB1,0.0952380952380952,,0.24141989773885564,,chromatin,,chromatin,2,2,0,unanimous_chromatin,
TPSB2,0.2380952380952381,,0.04473407645964049,12.02985826291323,chromatin,,chromatin,2,2,0,unanimous_chromatin,
TPX2,0.1666666666666666,1.0,0.041174149613121706,6.765622696549956,chromatin,chromatin,chromatin,3,3,0,unanimous_chromatin,
UBASH3B,0.2142857142857142,6.0,0.02991991754850696,3.1612829959017983,chromatin,chromatin,chromatin,3,3,0,unanimous_chromatin,
VCAN,0.1904761904761904,4.0,0.13253117431582076,,chromatin,chromatin,chromatin,3,3,0,unanimous_chromatin,
ZNF385D,0.0476190476190476,,0.08144203711260231,0.20014136428913132,chromatin,,chromatin,2,2,0,unanimous_chromatin,
